size measure,current,current,current,current,current,current,current,current,current,current,current,current,current,current,current,current,current,current,current,current,current,current,current,current,current,lagged,lagged,lagged,lagged,lagged,lagged,lagged,lagged,lagged,lagged,lagged,lagged,lagged,lagged,lagged,lagged,lagged,lagged,lagged,lagged,lagged,lagged,lagged,lagged,lagged
momentum,1,1,1,1,1,2,2,2,2,2,3,3,3,3,3,4,4,4,4,4,5,5,5,5,5,1,1,1,1,1,2,2,2,2,2,3,3,3,3,3,4,4,4,4,4,5,5,5,5,5
size,1,2,3,4,5,1,2,3,4,5,1,2,3,4,5,1,2,3,4,5,1,2,3,4,5,1,2,3,4,5,1,2,3,4,5,1,2,3,4,5,1,2,3,4,5,1,2,3,4,5
month,,,,,,,,,,,,,,,,,,,,,,,,,,,,,,,,,,,,,,,,,,,,,,,,,,
1995-04,0.06806095,0.02534805,0.01631345,0.00634490,0.02763795,0.04627160,0.01356460,0.02005084,0.00983615,0.00686480,0.01305200,0.04333120,0.00568456,0.03821000,0.03218545,0.02831250,0.01970895,0.03003905,-0.02051890,0.03790775,-0.00332905,0.01658690,0.02843580,0.03520420,0.05093970,0.07267600,0.01765415,0.00817115,0.01677170,0.02843230,0.04054145,0.02607080,0.01374395,0.00565415,0.01026230,0.00338900,0.05126485,0.00351778,0.03629995,0.03777495,0.03662980,0.02134010,0.02843689,-0.02894530,0.03790775,0.00706345,0.01726050,0.01416320,0.03841070,0.05093970
1995-05,0.03269367,0.02860898,0.02681898,0.05969391,0.03115410,0.01131805,0.03480834,0.03375234,0.04478554,0.07301617,0.01385337,0.00904103,0.01878358,0.05626813,0.03344763,0.02675328,0.03622407,0.03722388,0.04831543,0.04286787,-0.00589864,0.04422604,0.03129430,0.03117719,0.02907493,0.03047191,0.03110358,0.04090783,0.04270957,0.03363384,0.00890217,0.04390643,0.04640137,0.03003906,0.06865854,0.01595693,0.00832761,0.01745775,0.05649684,0.03308052,0.02531862,0.03206308,0.03926495,0.05235746,0.04286787,-0.00577906,0.03978221,0.04201075,0.02531252,0.02907493
1995-06,0.03709253,0.01215757,0.01279855,-0.02264023,0.02836796,0.00213198,0.07689187,0.00192234,0.01694790,0.02098777,0.01872542,0.03699219,0.02067173,0.01275722,0.02168431,0.02059353,0.03703766,0.03015658,-0.00327305,0.02009600,0.06989318,0.04761509,0.04186941,0.04065170,0.03163262,0.02705654,0.01269971,0.00917298,-0.00789960,0.02683183,0.00051771,0.03782428,0.02386564,0.02216615,0.02828163,0.03027943,0.02658735,0.01761254,0.01453957,0.02164516,0.01968427,0.05033102,0.01620244,-0.00225167,0.02009600,0.08239969,0.04450057,0.03618219,0.03737187,0.03163262
1995-07,0.00701856,0.01733239,0.03256356,0.02353576,0.03455377,0.04041672,0.03446096,0.02833190,0.00144269,0.03396738,0.01605706,0.06514168,0.03095666,0.03760331,0.04322691,0.04043448,0.05297196,0.03163990,0.03040132,0.03518415,0.02596201,0.05548986,0.04730274,0.02775226,0.03488521,0.00589183,0.01627458,0.02124648,0.03261146,0.03874433,0.04512355,0.03016195,0.02178944,0.00237960,0.03835739,0.00933853,0.06364824,0.03502313,0.04580387,0.03946580,0.05074494,0.05498871,0.01393262,0.03487541,0.03518415,0.03733286,0.04493992,0.05345874,0.02144369,0.03488521
1995-08,-0.02556900,-0.01791209,-0.01812878,0.02676798,0.00433031,0.01072298,0.00011632,0.02068676,0.00260850,0.00024940,0.00482499,0.00230578,0.01967410,0.01329786,0.00665908,0.03014660,0.02277765,0.00948749,0.02411826,-0.00332792,0.00244581,0.02256702,0.02327150,0.01220253,-0.00941408,-0.01780672,-0.02425762,-0.01132070,0.02281105,-0.00076007,0.01285805,0.00692301,0.02100332,-0.00309612,-0.00116917,0.00512884,0.00424457,0.02541861,0.00588807,0.00703048,0.02922326,0.02365947,0.01294489,0.02017782,-0.00332792,0.00746325,0.03004703,0.01557916,0.00794537,-0.00941408
1995-09,0.02075866,-0.00102199,0.01766159,0.01683479,0.03325290,-0.02942127,-0.00059121,0.02308015,0.01669937,0.05151301,0.03138729,-0.01897791,0.02958891,0.03852509,0.03590959,-0.00382284,0.02280868,0.03340704,0.03531873,0.03752178,0.04332527,0.03617477,0.03641850,0.03601061,0.05699442,0.03285134,-0.01155239,0.01658581,0.01699691,0.03225194,-0.02581392,0.00087902,0.01907567,0.01252959,0.05527862,0.02549195,-0.00218687,0.00594902,0.04686620,0.03618240,-0.00988458,0.03582383,0.01674529,0.04424045,0.03752178,0.04753551,0.03667446,0.03416457,0.03335032,0.05699442
1995-10,-0.07097305,-0.08999825,-0.05140640,-0.01767065,-0.05360425,-0.00705340,-0.02444310,-0.04657784,-0.01220305,-0.02871845,-0.01675740,-0.03952680,-0.01467605,-0.01482415,-0.00251290,-0.05851695,-0.03363135,-0.00763421,0.01950010,0.00356015,-0.04497550,-0.03178968,-0.00894460,0.00275290,0.04130480,-0.09096745,-0.05550955,-0.06107150,-0.03218350,-0.04392060,-0.01377820,-0.02403970,-0.03992374,-0.01713245,-0.02378905,-0.01684645,-0.02243400,-0.04274647,-0.00516100,-0.00251290,-0.05851695,-0.02956020,-0.00657479,0.00420100,0.01378165,-0.05272005,-0.01429300,-0.01765737,0.00242015,0.04130480
1995-11,0.00998577,0.10294014,0.06079329,0.07516536,0.04971908,0.02818102,0.05046162,0.06601298,0.06167449,0.08347403,0.04440611,0.05820534,0.04553768,0.05776474,0.05113101,0.03561291,0.03177878,0.05728140,0.01889610,0.06059451,0.07615071,0.03917834,0.05118604,0.03662210,0.02162064,-0.00837302,0.11365029,0.06299417,0.05331857,0.07429516,0.03800083,0.04596512,0.05993426,0.06623424,0.07877310,0.04480144,0.06232929,0.04700563,0.05164332,0.05113101,0.03561291,0.03444347,0.04832298,0.04364462,0.04135845,0.07010350,0.04202596,0.04144380,0.04958381,0.02162064
1995-12,0.04241640,0.01427667,0.01657279,0.02279463,0.03255747,0.03025135,-0.01922416,-0.00209251,0.01397615,0.02563261,0.01538747,0.04174778,0.01268240,0.00375642,0.04579860,0.02162298,-0.00795425,0.01588634,0.01456150,0.01473014,0.02348498,-0.00925548,0.00203654,-0.01366645,0.02504415,0.01925457,0.04007782,0.02484006,0.01588703,0.02601950,0.01697521,-0.00583449,-0.00233580,0.01287473,0.02672034,0.01298410,0.03746414,0.01616497,0.00678993,0.04579860,0.02162298,0.00060619,0.01244928,-0.00105594,0.02489515,0.03489272,-0.00589382,-0.01359193,-0.01226176,0.02504415
1996-01,-0.00561068,0.05428673,0.01340182,0.01216628,0.00012614,0.01040038,0.04001007,0.08247951,0.04184848,0.03244709,0.01761992,0.01366393,0.01466288,0.03630676,0.03477786,0.01171305,0.00948841,0.02932872,0.06061245,0.03379121,0.03635879,0.06539792,0.03249449,0.04923523,0.05315857,-0.00595456,0.04377553,0.02176819,0.00386921,0.00765360,0.01433382,0.03104548,0.08729484,0.04896317,0.02547928,0.01490917,0.01101952,0.02814220,0.02985018,0.03477786,0.01171305,0.00542700,0.03350825,0.06247439,0.03264071,0.04605864,0.04379120,0.02629365,0.06344943,0.05315857
1996-02,-0.01174420,-0.02472499,0.00446398,0.01487691,0.01523428,0.00763109,0.03626523,0.00334524,-0.00004130,-0.00062106,0.01269723,0.00739507,0.02055571,0.01855499,-0.00927584,0.02292456,0.00576161,0.03631315,-0.01295499,0.00704787,0.02385196,0.03197367,0.01077237,0.02263020,0.02586964,-0.03011028,-0.00244491,-0.00604453,0.00864617,0.02465770,0.00589550,0.03204009,0.00930273,-0.00168666,0.00102827,0.01799655,0.00654146,0.02001042,0.01488526,-0.00927584,0.02292456,0.01100816,0.02953668,-0.01187738,0.00727476,0.02219415,0.02471685,0.01438115,0.02678513,0.02586964
1996-03,0.05576865,0.00588503,0.05399628,0.01477291,0.03844690,0.01173622,0.02486472,0.01729527,0.02238543,0.02209403,0.04294957,0.04729287,0.00442125,0.03363103,0.01586383,-0.01100849,0.00915628,-0.00110741,-0.00176698,0.01712222,0.03227838,0.04381822,-0.03960061,0.00122122,-0.00263243,0.04183690,0.02186362,0.04350205,0.03097445,0.03013732,0.01305720,0.02697785,0.01379184,0.01618251,0.02830500,0.04073299,0.03582324,0.02373662,0.02985300,0.01586383,-0.01100849,0.00563276,0.00337731,0.00273012,0.01177945,0.03143895,0.00454369,-0.00114334,0.00294866,-0.00263243
1996-04,0.09009005,0.11289460,0.04536253,0.05085920,0.05796130,0.04187850,0.02997490,0.05180942,0.02454620,0.02905755,0.01988355,0.00009484,0.00757260,0.01751489,0.02158700,0.04553695,0.02453505,0.00477168,0.00266415,0.00901835,0.03545458,0.00727025,0.00427858,-0.00567300,-0.00247785,0.08327080,0.10802130,0.05645263,0.05198970,0.05798775,0.05385435,0.01628900,0.05465226,0.02561220,0.02700090,0.01658760,0.02184195,0.00411995,0.00470384,0.01984635,0.04608770,0.03363070,0.00569263,-0.00656115,0.00772235,0.05288326,0.00918900,-0.02007894,-0.00164825,-0.00327955
1996-05,0.02408767,-0.00626906,-0.00986047,0.01590970,0.02435979,-0.00527938,0.01720441,-0.01097865,0.01101466,0.02201879,0.01446749,0.02698202,0.02584993,0.01852552,0.01769740,-0.01148664,0.01089360,0.01963810,0.01506111,0.00462739,0.02284126,0.00712062,0.03232188,0.01632266,0.04672775,0.02832521,-0.01178840,-0.00327458,0.00970472,0.02593061,0.00253303,0.00740305,0.00529927,0.00082808,0.01834600,0.01512013,0.03670690,0.02244134,0.01262167,0.01651052,-0.00244409,0.00398970,0.01881032,0.01219493,0.00596708,0.02446992,0.01562803,0.02282603,0.02022809,0.04148627
1996-06,-0.03375019,-0.05032541,-0.03009371,-0.03008775,-0.01838990,-0.02100746,-0.01975680,-0.01270727,-0.01832531,-0.01579682,0.00118099,0.02002531,-0.02596009,-0.01311409,-0.00241439,-0.00424696,0.00626487,0.00583619,-0.00186888,0.01198716,-0.01390575,-0.00335709,-0.01092733,0.02055083,0.03506025,-0.03754970,-0.04926982,-0.01129859,-0.05131632,-0.01233339,-0.02098163,-0.01129162,-0.02062715,-0.02206642,-0.01287930,-0.00710700,0.01877492,-0.02677063,-0.00592199,0.00014847,-0.01163864,-0.00654502,0.02044536,0.00455173,0.01231864,-0.01799886,0.00059413,-0.00267898,0.01856376,0.02792061
1996-07,-0.11042832,-0.10143897,-0.06579474,-0.07570682,-0.06692672,-0.07767501,-0.05696865,-0.06971578,-0.06916913,-0.05440067,-0.05795420,-0.03639420,-0.07525261,-0.04070908,-0.02698429,-0.07516961,-0.05897858,-0.04191002,-0.04461887,-0.02738219,-0.04076035,-0.03354124,-0.05129706,-0.04511911,-0.03199394,-0.11649985,-0.06685601,-0.09447925,-0.05825587,-0.08520464,-0.08897480,-0.05704655,-0.06359003,-0.06877831,-0.04885437,-0.05966302,-0.03577694,-0.07230498,-0.04400400,-0.02625458,-0.07341136,-0.05804441,-0.05315672,-0.03321164,-0.03049018,-0.04697570,-0.01638447,-0.06346025,-0.03829526,-0.03856095
1996-08,0.05481014,0.05013566,0.06833374,0.00694209,0.03561210,0.03277273,0.03723288,0.02590621,0.03368417,0.04196760,0.02084621,0.01211568,0.05170090,0.03812955,0.03093000,0.05938063,0.03582767,0.05510182,0.04002640,-0.00109580,0.02950408,0.03782685,0.03789303,0.03610296,-0.00795381,0.06607178,0.02995403,0.07602905,0.01927752,0.02454975,0.03758166,0.02747897,0.03102812,0.03420399,0.04167823,0.02040828,0.02673825,0.04767171,0.03222444,0.02670982,0.06042596,0.07180329,0.03432237,0.02053228,0.00133497,0.03194019,0.03647790,0.03903269,0.03062840,-0.00518740
1996-09,0.03050570,0.04603035,0.05085357,0.02070712,0.02609295,0.04337447,0.05060732,0.03175045,0.05094853,0.05275821,0.04997231,0.04447810,0.04967213,0.03565788,0.07043797,0.05945072,0.04470861,0.04677654,0.06685226,0.05655734,0.05090484,0.06150762,0.06341409,0.09082294,0.06348926,0.03638827,0.05242350,0.04586829,-0.00064581,0.03949183,0.03999063,0.05189933,0.04052650,0.05210479,0.04595796,0.05391974,0.06223746,0.01484045,0.04690456,0.07168728,0.07316097,0.03201005,0.05362561,0.06213175,0.05475077,0.06044770,0.06486325,0.05977415,0.08785971,0.05403828
1996-10,-0.02465240,0.00419060,-0.01095342,-0.08140955,-0.04156715,0.00130558,-0.01076185,0.00436747,0.01057784,0.02679950,-0.01659130,0.01132455,0.06505826,0.02653430,0.01842020,0.01414420,0.03554790,0.03662311,0.01085095,0.05117540,0.03415410,0.04735440,0.06130742,0.03222405,0.04546860,-0.03259480,0.01999630,-0.01196058,-0.07043530,-0.05944790,-0.00280695,-0.00278925,0.01887053,0.00295368,0.01619885,-0.01559815,0.00467885,0.06363137,0.03660140,0.01536120,0.01499040,0.04590670,0.02847626,0.00502695,0.05353390,0.02466055,0.05447045,0.04906453,0.04113665,0.05056425
1996-11,0.07462610,0.08698728,0.08256751,0.12457703,0.08065064,0.05376820,0.06628941,0.07891703,0.07007346,0.10402889,0.03167311,0.07927291,0.05160997,0.08121120,0.07185764,0.01986082,0.05930299,0.07228244,0.06926219,0.07713127,0.05505708,0.05910701,0.04760043,0.04829330,0.07238973,0.05812781,0.06662065,0.10823619,0.10496989,0.11280061,0.05439335,0.06541185,0.09871867,0.05542817,0.09937924,0.03902911,0.07193052,0.06342978,0.07298763,0.06859210,0.02987673,0.04506955,0.08226008,0.06861141,0.07312187,0.05979000,0.04927222,0.04157881,0.06333263,0.06831620
1996-12,0.01594077,-0.00071603,-0.02168963,-0.03029278,-0.02927004,0.02360406,-0.02452810,-0.02190086,-0.01864655,-0.01872269,0.01259557,-0.03795432,-0.02112027,-0.01302453,-0.01833567,0.00334302,-0.01969826,-0.01794631,-0.04337386,-0.03175196,-0.02797421,-0.02661316,-0.01120189,-0.02685667,-0.02538905,0.02024298,-0.00709932,-0.02185844,-0.03467382,-0.02139192,0.00473420,-0.00841203,-0.02211190,-0.02825996,-0.00805201,0.00666902,-0.03263311,-0.02749963,-0.01222119,-0.01301942,-0.00041177,-0.01229265,-0.03266951,-0.04711441,-0.01850524,-0.02970614,-0.02162551,-0.02532594,-0.02214666,-0.01996529
1997-01,0.04969687,0.07404414,0.01509006,0.09328927,0.04685485,0.02204594,0.02362807,-0.00203607,0.04504295,0.03329696,0.02222163,0.04481437,0.03244110,-0.00487846,0.05060702,0.00785865,0.02430408,0.03873159,0.06302141,0.05929846,0.03599618,0.05045439,0.04162187,0.06388128,0.10032543,0.04352035,0.03362478,0.07032932,0.02892462,0.10470722,0.02515031,0.01552849,0.03413834,-0.00639931,0.05178631,0.02023256,0.02473947,0.04718840,0.00652308,0.04620291,0.00898106,0.03515737,0.03104133,0.05308736,0.06364855,0.03681588,0.05213576,0.05120152,0.04782774,0.10386715
1997-02,-0.00787549,0.00744276,0.02644859,-0.00747708,-0.00942462,0.00917121,0.01309264,0.00887035,0.00435899,-0.02344031,0.01801826,0.06635397,0.00476114,0.01653061,0.00712037,0.00650695,0.01917400,0.03241581,0.04342170,0.00492424,-0.01775289,-0.00149374,0.01977084,0.02928729,0.00884245,0.00122404,0.00167128,0.01578034,-0.00463776,-0.00630108,0.02076674,0.00184457,-0.00707853,-0.00787786,0.00276510,0.01969777,0.07128475,0.00256895,0.00148362,0.01858341,0.00443382,0.02035508,0.04746013,0.02336626,0.01048268,-0.02622795,0.00767043,0.02225147,0.03117815,0.00347332
1997-03,0.00011135,-0.02424433,-0.01310941,-0.02635583,-0.02667543,-0.04821140,-0.04632322,-0.02694204,-0.04725467,-0.03694065,-0.04858393,-0.03279118,-0.05219231,-0.03897672,-0.04383381,-0.03362526,-0.02696808,-0.03353619,-0.04145753,-0.03359478,-0.00743912,-0.00792141,-0.06901480,-0.03290721,-0.06887709,-0.01250891,-0.03162797,0.00983009,-0.01673298,-0.03919467,-0.04917733,-0.03980623,-0.04684702,-0.02653650,-0.04252509,-0.04196378,-0.04936823,-0.04907503,-0.03259312,-0.04275793,-0.03202707,-0.01855182,-0.04765708,-0.03906147,-0.03244631,0.00093709,-0.01756607,-0.05971840,-0.04536854,-0.06360089
1997-04,0.00461590,0.00000270,-0.01214889,-0.01262455,-0.01212010,0.03408845,0.01548500,0.00915784,0.01576160,0.07623505,0.02598685,0.04438589,0.02463885,0.02415947,0.05854830,0.05079045,0.01233685,0.04868868,0.04610458,0.07218595,-0.00106280,0.04997525,0.06386211,0.06263680,0.09415765,0.00965085,-0.00757915,-0.01637016,-0.01338280,-0.00480475,0.02971505,0.02691560,-0.00095458,0.02919970,0.06534655,0.02888535,0.04129311,0.03995075,0.01074832,0.05601665,0.03001470,0.03341090,0.04529195,0.05698258,0.06478045,0.01662895,0.04089090,0.05617079,0.06255990,0.09293390
1997-05,0.10649827,0.07832310,0.07730614,0.11883335,0.07993483,0.11809115,0.07335273,0.04678337,0.07592020,0.06127846,0.07189352,0.08070871,0.09043716,0.07901010,0.05021927,0.06930342,0.05990835,0.05087258,0.04305792,0.04721811,0.06956172,0.05049629,0.05781653,0.08921352,0.06745586,0.10972800,0.06280148,0.08669274,0.11286074,0.08911641,0.10629497,0.08757385,0.05267465,0.06828413,0.06088884,0.08031829,0.07125031,0.07466256,0.09547647,0.05122283,0.07562567,0.05092068,0.04333364,0.05662891,0.04428926,0.05945653,0.07681906,0.05599417,0.07375218,0.06825289
1997-06,0.05677067,0.02132655,0.04436413,-0.02482116,0.01098370,0.06820412,0.03790201,0.02018967,0.03233522,0.04389534,0.04616192,0.03711606,0.03260308,0.07123440,0.04897354,0.03162147,0.03963199,0.04194473,0.02223714,0.05404492,0.05908756,0.02985695,0.04553322,0.04844226,0.05990587,0.04869153,0.04828189,0.00320450,-0.00030498,0.00748983,0.06512542,0.02638364,0.03676865,0.02730911,0.04909729,0.04808937,0.02369552,0.05203507,0.06596412,0.04514459,0.03193329,0.04378992,0.03091506,0.03605648,0.04719619,0.05498894,0.04029837,0.03860766,0.05009361,0.05860353
1997-07,0.07498321,0.08604252,0.06308444,0.07838291,0.07514860,0.06925998,0.06146080,0.04296348,0.06971374,0.05151620,0.08870970,0.09127109,0.08293603,0.10289076,0.05276922,0.06177224,0.10165947,0.06513948,0.09285101,0.05807789,0.07247980,0.07338935,0.13185100,0.16014086,0.09190258,0.07470071,0.05970974,0.11156089,0.05015682,0.08357649,0.05996872,0.07011632,0.03258252,0.09329276,0.03952918,0.09531322,0.08068767,0.09763433,0.09294465,0.05077827,0.06569302,0.09469161,0.06650304,0.08045366,0.06823276,0.08322352,0.09834048,0.12604364,0.13754365,0.08730832
1997-08,0.02913535,-0.00336812,0.01051568,-0.00526654,-0.03484524,0.02885945,-0.00826360,-0.02309907,-0.04112580,-0.04836419,0.00172183,-0.02325104,-0.06090360,-0.04052758,-0.04639958,-0.00962089,-0.01676394,-0.02290511,-0.03899412,-0.06889089,-0.04508269,-0.02003308,-0.04498146,-0.05851140,-0.08378360,0.02986760,-0.02744515,0.01787813,0.00677786,-0.03112498,0.03237977,-0.00959519,-0.03146452,-0.04783400,-0.03561446,0.00079927,-0.01935165,-0.05449716,-0.05060707,-0.04541577,-0.00791015,-0.01721584,-0.01225354,-0.05397654,-0.06554304,-0.03898805,-0.02919727,-0.05027234,-0.05325937,-0.08324504
1997-09,0.08024005,0.02549376,0.04730410,0.01253675,0.05820702,0.06010358,0.03900132,0.02931293,0.06217718,0.03346011,0.05061764,0.06325868,0.05613701,0.02143697,0.04914288,0.06494492,0.06042146,0.05580196,0.06795664,0.05402543,0.04337896,0.04453282,0.07668689,0.08505664,0.05489568,0.07617701,0.02975903,0.03294138,0.02942992,0.05499137,0.06285384,0.03294000,0.06147757,0.02839240,0.04257906,0.06028539,0.05435328,0.05662145,0.02456415,0.04444490,0.06764563,0.06769326,0.05611457,0.06219933,0.04920166,0.04164768,0.06720982,0.06615577,0.07749740,0.05502453
1997-10,-0.07723026,-0.08975180,-0.06781547,-0.02826315,-0.05861885,-0.06402000,-0.04244455,-0.03762037,-0.01343380,0.00224135,-0.06274970,-0.04449555,-0.01081295,-0.05215705,-0.03709260,-0.04464315,-0.04184185,-0.04374137,-0.03124790,-0.01534285,-0.06315584,-0.03328225,-0.02895121,-0.06766955,-0.02126660,-0.08309426,-0.08209655,-0.06535479,-0.03273590,-0.05856820,-0.06402000,-0.05991985,-0.02274058,-0.00732930,-0.00052365,-0.06385155,-0.04198785,-0.02395758,-0.04093525,-0.03723285,-0.04891110,-0.05733865,-0.01764016,-0.02016965,-0.03145250,-0.07952684,-0.03442395,-0.03917279,-0.04881225,-0.01371925
1997-11,-0.00914419,0.01183009,-0.01187185,0.04064960,0.03188489,0.01787893,0.02317783,0.03478380,0.02932702,0.09449092,0.03887943,0.03871533,0.02853196,0.01916151,0.02794850,0.03547372,0.01458328,0.02343941,0.05930832,0.03212592,0.03325866,0.03450903,0.04933323,0.06053536,0.03372203,-0.01196264,0.00884575,-0.00256515,0.03267643,0.03688733,0.01787893,0.01387582,0.03924006,0.03583399,0.09263371,0.03460807,0.03939542,0.03277708,0.02070366,0.02589479,0.01680155,0.03318628,0.01613733,0.06075219,0.03757645,0.03322393,0.03363455,0.04409935,0.06972483,0.03022496
1997-12,-0.01476694,-0.00772598,-0.02337982,0.03784114,0.05842967,0.01881144,0.02113793,0.03572443,0.01946154,0.00167505,-0.00925469,-0.00429988,0.01780930,-0.01444013,0.02434641,0.02031479,0.02466714,0.03318228,0.03720590,0.01923599,0.01754300,0.02883487,0.02391841,0.02858693,0.00497149,-0.02071191,0.00203923,-0.02876534,0.03470301,0.06287130,0.01881144,0.00540938,0.04779652,0.02763973,-0.00328140,-0.00428684,-0.00300482,-0.00320141,0.00611975,0.01730962,0.02114676,0.00690404,0.04522111,0.04851835,0.01211167,-0.01836862,0.03832459,0.05859372,0.01597901,0.00754246
1998-01,-0.03015505,0.00260954,0.01017938,0.00266929,-0.00730414,0.01790146,-0.01096436,-0.04171704,-0.01614411,0.02720914,-0.02720667,-0.03461419,0.01033417,0.02048934,0.03279655,0.00754800,-0.01752508,-0.01071573,-0.02197496,0.01510783,-0.02876845,-0.01234140,-0.00347756,-0.02133327,0.02267631,-0.03238190,0.00843420,0.01165284,0.00432993,-0.01429555,0.01790146,-0.00705599,-0.04837522,-0.00966653,0.02500527,-0.03002115,-0.02514705,0.00512869,0.02038211,0.03096198,0.00815868,0.00151381,-0.03427281,-0.00968004,0.00701711,-0.01172202,-0.01451626,-0.00042441,-0.02787452,0.01267752
1998-02,0.11126605,0.06116938,0.08316997,0.06951442,0.05743338,0.06662914,0.05601753,0.06154357,0.05993174,0.02822218,0.08685479,0.10383613,0.07312780,0.08282347,0.06923174,0.07130615,0.05039595,0.08869265,0.06139867,0.09230939,0.10686961,0.10211653,0.09688907,0.09143518,0.08970511,0.10391259,0.07429169,0.09190191,0.06777666,0.04571453,0.06662914,0.05939178,0.05878938,0.05262657,0.03403559,0.08325163,0.11253633,0.07151799,0.07735243,0.07034277,0.07715129,0.05405802,0.07997662,0.06638202,0.08718706,0.10848989,0.09873149,0.12333586,0.09647151,0.06295965
1998-03,0.04858108,0.06869778,0.05385898,0.05519123,0.06548313,0.06578892,0.03845817,0.03169461,0.07224697,0.08067904,0.03382699,0.03406751,0.04290919,0.04152545,0.03399643,0.07199811,0.03688385,0.02764947,0.05150736,0.06760196,0.06426045,0.04763471,0.06258187,0.05538409,0.02869128,0.06308706,0.05473129,0.04103313,0.05624441,0.07626729,0.06578892,0.03938843,0.03415508,0.07828902,0.07166182,0.03410031,0.02934410,0.04541201,0.04365684,0.03415547,0.06393503,0.02765447,0.04563396,0.05579571,0.06332264,0.06528854,0.05284285,0.04307976,0.06106955,0.03549745
1998-04,0.02640470,-0.00210315,0.01113605,0.02070385,0.00469470,0.01489850,0.01736730,-0.01457237,0.01105855,0.01933470,-0.00550280,-0.01482855,-0.01601675,0.00842760,-0.00998105,0.00076170,-0.00266940,-0.03764705,0.02365955,0.02223740,0.00713500,-0.01365211,-0.01395530,0.01109820,0.03522665,0.01631975,0.00229005,0.01195445,0.00806235,0.02220955,0.02139320,0.00128260,-0.00942779,0.02281520,0.01228070,-0.00152615,-0.00031985,-0.02155955,-0.02520450,0.01070850,0.00721205,-0.02402615,-0.01062805,0.01024065,0.02489465,0.00301450,-0.00684053,-0.01568935,0.02325955,0.02244885
1998-05,-0.02821569,-0.03552080,-0.05602067,-0.07659378,-0.04342692,-0.04584100,-0.05413182,-0.04432011,-0.05152177,0.00840865,0.00368726,-0.01213359,-0.00409119,-0.03331240,-0.00981986,-0.00699399,0.00282968,-0.01439263,-0.02252019,-0.01276034,-0.04365969,-0.00120468,-0.00390038,-0.01828377,-0.00197958,-0.03760433,-0.01658030,-0.06452109,-0.07516494,-0.04594169,-0.04481634,-0.05459799,-0.03970508,-0.05718493,0.00916629,0.00351398,-0.00484427,-0.02888694,-0.01964705,-0.00680438,-0.01088482,0.00179717,-0.01141006,-0.00901632,-0.02379777,-0.04368295,-0.01655930,0.00834343,-0.00688468,-0.01035704
1998-06,-0.04466502,0.01490509,-0.01969913,-0.02473572,-0.01074537,-0.03517455,-0.03220415,-0.02362935,0.00265511,0.00384875,-0.02045415,-0.00201138,0.01478033,0.00756405,0.02100032,0.01166487,0.00080970,0.06105933,0.02866376,0.06336631,0.04451038,0.04443172,0.03756082,0.08238190,0.06790885,-0.06114889,0.02274525,-0.00944444,-0.03546574,-0.00333611,-0.02779294,-0.03935071,0.00025140,-0.01988766,0.00338224,-0.02009173,-0.00298351,0.00595161,0.01038896,0.02748138,-0.00427625,0.01912310,0.06061615,0.03367391,0.05470939,0.05301289,0.03417178,0.04298335,0.08376763,0.06232391
1998-07,-0.08222035,-0.03171682,-0.06717919,-0.10183488,-0.02194013,-0.06264001,-0.08609768,-0.08324403,-0.03108249,0.00875603,-0.08778460,-0.04010368,-0.03618601,-0.04931521,0.00064435,-0.04737507,-0.06932208,-0.05136764,-0.02940285,-0.01676595,-0.03437291,-0.05434978,-0.03253406,-0.01432746,0.04057931,-0.08040008,-0.03470103,-0.06781327,-0.10795329,-0.02084729,-0.05572753,-0.10216024,-0.07582255,-0.02659890,0.00537553,-0.08780652,-0.04436559,-0.02242764,-0.05270691,-0.00652305,-0.05465515,-0.06955213,-0.03582352,-0.03182041,-0.02150893,-0.03501874,-0.02990323,-0.05049504,-0.00569858,0.02942254
1998-08,-0.17961399,-0.17952275,-0.19138005,-0.20453699,-0.12688233,-0.18284637,-0.18157861,-0.10377567,-0.16568770,-0.17015317,-0.08187854,-0.10535640,-0.11380055,-0.15753174,-0.16063565,-0.12278080,-0.12123589,-0.10959093,-0.17097595,-0.13726613,-0.16265829,-0.09559229,-0.14079122,-0.12212065,-0.13952090,-0.17980701,-0.17830563,-0.16856703,-0.21541252,-0.14447411,-0.18528441,-0.17949257,-0.12929319,-0.14901065,-0.16605360,-0.08270497,-0.12937567,-0.11115271,-0.14495793,-0.15359069,-0.14485099,-0.12723372,-0.09998899,-0.15263576,-0.13992255,-0.16925272,-0.13826411,-0.10435560,-0.13421750,-0.11958892
1998-09,0.05288437,0.04804243,0.16110870,0.12988380,0.07353084,0.04611692,0.11722135,0.03485528,0.06586320,0.06337818,0.04862647,0.00376635,0.05950431,0.08493954,0.05783204,-0.04804994,0.02354703,0.05385586,0.06198392,0.09046590,0.07635738,-0.00979951,0.08276034,0.03813889,0.07257083,0.03419738,0.06689082,0.13102616,0.11592573,0.10732770,0.06761806,0.09652079,0.02129577,0.08618015,0.05476869,0.06526890,-0.00727452,0.03806547,0.06970902,0.08442295,-0.03350945,0.03363541,0.04201226,0.05367544,0.08431617,0.07394024,0.03995806,0.04488200,0.03946160,0.06406395
1998-10,0.16465195,0.12933100,0.13249768,0.09661170,0.11349925,0.06979115,0.05399615,0.10557483,0.08746355,0.06917325,0.05374616,0.07763211,0.13832225,0.10421784,0.07768895,0.09181760,0.05727705,0.06897853,0.09222875,0.09681085,0.02576625,0.05796650,0.04105805,0.08612053,0.11079325,0.13986440,0.13442360,0.11028600,0.13048665,0.12042035,0.05235610,0.07143120,0.08771933,0.09064010,0.08206665,0.04583895,0.08763142,0.12541960,0.11523042,0.07816600,0.07317655,0.07193995,0.06120211,0.10359450,0.09681085,0.04707980,0.02830325,0.06248742,0.07348032,0.11079325
1998-11,0.02661468,0.05638177,0.05493653,0.04407005,0.06154632,0.03667125,0.00444170,0.00490907,0.06652835,0.05699092,0.06186811,0.07606157,0.04731674,0.06129570,0.04885177,0.05991039,0.09329839,0.02857936,0.03225195,0.07430061,0.02191197,0.05899121,0.06171956,0.05920462,0.06946509,0.03948320,0.03105599,0.08338179,0.02974031,0.06143125,0.01493181,0.02536698,0.03676979,0.03222657,0.06193857,0.05952495,0.06520098,0.04855692,0.07174446,0.04901944,0.05225234,0.09236860,0.03455037,0.03441628,0.07430061,0.01230221,0.07929349,0.05916365,0.05185267,0.06946509
1998-12,-0.04532128,-0.02431744,-0.05136888,-0.00687021,-0.00064342,0.00246328,-0.02949238,-0.01431360,0.04162046,0.01693620,0.03114588,0.00863461,0.04993348,-0.01629410,0.02589107,0.05607781,-0.00231582,0.01188782,0.07000506,0.03226695,0.08461913,0.07504003,0.12263115,0.10226512,0.13329485,-0.01665936,-0.03926083,-0.05550954,-0.01298551,-0.00497707,0.00283044,-0.02864709,0.02360190,0.00146492,0.02392818,0.04055572,0.01306184,0.01776841,0.00954810,0.02314601,0.05837179,0.00714185,0.01438435,0.05617486,0.03226695,0.09259715,0.08116389,0.10792008,0.10227169,0.13329485
1999-01,0.07612618,0.04253450,-0.09184383,-0.02145124,0.04654795,0.03446233,-0.04239695,-0.00073809,0.03736922,-0.00157782,0.02973822,0.00352777,-0.05428345,0.02796849,0.02720908,-0.00254920,0.03136393,0.02983202,0.00053600,0.02407559,0.01108801,0.02469324,0.05896406,0.08113018,0.07772545,0.02936852,0.00809467,0.02036689,-0.06299168,0.06354420,-0.02976023,0.01756788,-0.01788875,0.02498942,0.02954171,0.03340052,0.01699418,-0.09308775,0.04743913,0.02943604,-0.00727947,0.03619435,0.02584937,0.00338804,0.02407559,0.01497154,0.04157702,0.03189065,0.08713243,0.07772545
1999-02,-0.09934695,-0.06289261,0.02147098,-0.02435298,-0.03454594,-0.02073669,0.02933261,-0.03107795,-0.03952572,-0.03789368,-0.01021593,-0.00081299,-0.00393026,-0.00179918,-0.04411901,-0.04188577,-0.04229415,-0.00249931,-0.00633977,-0.01043503,-0.05512107,0.00229127,-0.02543104,-0.03380104,-0.02424531,-0.08545352,-0.04320699,-0.02780854,-0.02385999,-0.03132002,0.00435782,0.00335368,0.01311749,-0.07056785,-0.04623362,-0.01369068,-0.00355496,0.01594580,-0.01546595,-0.04557581,-0.04220606,-0.05342911,0.00005914,0.00297648,-0.01043503,-0.05410647,-0.00675967,-0.01127085,-0.03867851,-0.02424531
1999-03,-0.02347558,-0.02979134,0.04379201,0.04379396,0.00706265,0.02293116,0.02578283,-0.00550788,0.05141747,0.02463256,-0.04596062,0.00810538,0.07222539,0.06557824,0.03174369,0.05559542,0.04693471,0.01599371,0.03784808,0.00963218,0.03307719,0.05634482,-0.02002687,0.02127376,0.03033074,-0.04851259,-0.00381584,0.00409601,0.05889411,0.02624787,-0.02303696,0.06459460,0.00268234,0.04019213,0.03322735,-0.03970414,-0.01107062,0.07489147,0.07164461,0.03622484,0.04687447,0.02528475,0.04841601,0.03812743,0.00963218,0.00490115,0.07411278,-0.02147011,0.02990854,0.03033074
1999-04,0.21141800,0.20289300,0.23147858,0.15989415,0.09782535,0.13740590,0.12700800,0.10884768,0.13021905,0.14567840,0.12406610,0.10703332,0.10595405,0.10703516,0.07531600,0.06116511,0.07300020,0.06120079,0.08888295,0.01974815,0.08977295,-0.03187845,-0.01498063,-0.00640805,0.00659560,0.20014780,0.23200884,0.20852142,0.11867230,0.14404040,0.12646715,0.14019995,0.10537553,0.13336095,0.14358185,0.11939090,0.10091889,0.10267670,0.12005042,0.07671275,0.05017405,0.08389210,0.08091684,0.06538790,0.02406255,0.08601575,-0.03273495,-0.02036283,-0.00517950,0.01439610
1999-05,-0.04064400,0.09446395,-0.02856438,-0.00011085,0.01463425,0.03494488,-0.01383717,0.02716042,-0.00042226,-0.02050613,0.00257688,-0.02174005,-0.01563570,0.00510517,-0.05974784,0.02084084,0.02551889,0.02281835,-0.01412038,-0.01765577,0.02265184,-0.01776878,-0.02798811,-0.02377734,-0.04166515,-0.02988006,0.04038521,-0.00877602,0.02394892,0.01307726,0.02560271,-0.00354265,0.03159760,-0.00905173,-0.01655421,0.00648191,-0.02277121,-0.03575654,0.00694756,-0.04421420,0.02413244,0.03734738,-0.00562434,-0.00412468,-0.01742584,0.02576776,-0.04170778,-0.01512324,-0.02110350,-0.03588817
1999-06,0.02326328,0.10990207,0.01509882,0.01793148,0.00590765,0.04689359,0.02997125,0.00608834,0.01291168,0.02012843,0.06681210,0.03286346,0.03912650,-0.00153952,0.02028264,0.05140061,0.01102716,0.00560485,0.02814677,0.05698395,0.04663335,0.07195609,0.05720244,0.11405306,0.07303363,-0.00329821,0.13527737,0.03543379,0.00435975,0.00212161,0.03838643,0.03989354,0.00476715,0.01644025,0.01686909,0.07357054,0.02307253,0.04917922,-0.00033457,0.01126376,0.06616265,-0.00618943,0.00666521,0.03305854,0.05528983,0.04987783,0.05220452,0.06543040,0.11249804,0.07827593
1999-07,-0.08584300,-0.01727934,-0.07150227,-0.03158508,-0.04101875,-0.04478596,-0.03325020,-0.03011454,-0.02495868,-0.03398985,-0.03519881,-0.04333911,-0.03819248,-0.04957763,-0.03792238,-0.02483144,-0.02127860,-0.06468584,-0.03655941,-0.03250624,0.00002587,-0.01181903,-0.01309148,-0.01333177,-0.02664237,-0.10570207,0.00350668,-0.06142293,-0.02527480,-0.06415599,-0.04796982,-0.03643167,-0.02849965,-0.02466580,-0.02948915,-0.03715475,-0.05350831,-0.02809988,-0.05574236,-0.03100299,-0.02270409,-0.03221389,-0.08700338,-0.01088360,-0.02953494,-0.00453568,-0.00245067,-0.03033135,0.00501492,-0.03129753
1999-08,0.01573992,-0.00612041,-0.03925638,-0.04713124,-0.00764936,-0.01061022,-0.02733189,-0.00659498,-0.03435443,-0.01343777,0.03545073,-0.05676323,-0.01337051,-0.04111310,-0.02923854,-0.05908251,-0.03886594,-0.03422989,-0.03091098,-0.00640656,0.01577718,0.00071864,-0.05115122,-0.02085712,0.01092636,0.02315452,-0.02145993,-0.01605188,-0.04326072,-0.01961629,-0.00419168,-0.03943702,0.01087579,-0.04993210,-0.00893293,0.03125017,-0.04996140,-0.01474677,-0.04711160,-0.02220649,-0.07556512,-0.01830990,-0.03011368,-0.04053172,-0.00442417,0.02056223,0.00557433,-0.06670549,-0.01472154,0.01182849
1999-09,-0.02548842,-0.02774300,0.00456550,-0.08770579,-0.07954648,-0.00599613,-0.04385321,-0.06110862,-0.08596455,-0.02682752,-0.00076273,-0.05859038,-0.01185922,-0.06628724,-0.06224583,-0.04374691,0.01355803,-0.08611281,-0.03096567,-0.03305445,-0.02718205,-0.05536243,0.01346986,0.00736904,-0.01138198,-0.01291176,-0.03985677,0.00239672,-0.08692490,-0.07387608,-0.00974434,-0.03400570,-0.06227535,-0.08899016,-0.02843683,0.00199244,-0.06865567,-0.00149499,-0.05956431,-0.07102835,-0.02188954,-0.02282217,-0.07964368,-0.02114636,-0.03383051,-0.02605461,-0.04972092,0.00168397,0.01672284,-0.02083798
1999-10,-0.04477490,-0.04475530,0.02756230,0.01322320,0.05200200,-0.00214605,0.01431730,0.07565478,0.06958274,0.10092500,-0.04784125,0.00013195,0.04493832,0.03855385,0.10702115,-0.00527570,0.00465555,0.02102911,0.04523875,0.05697790,-0.01356910,0.04869068,0.06199570,0.08066625,0.02701535,-0.04859425,-0.01430840,0.04394460,-0.00080505,0.02302040,-0.01941545,0.01835785,0.05994472,0.10481553,0.09482175,-0.05553950,0.00570335,0.05214542,0.01282660,0.12802850,-0.00982350,-0.01152745,0.06702263,0.02627255,0.05298105,0.00360675,0.02466805,0.08711430,0.06271310,0.02549555
1999-11,-0.05287736,0.01340470,-0.05414258,-0.02698949,0.01325085,0.04270451,-0.00261285,-0.02271601,-0.04285563,-0.04567245,-0.05908774,-0.01740801,-0.00144633,-0.03555114,-0.02050142,-0.00994058,-0.02753931,-0.04056110,0.00841500,0.04139043,0.02685443,0.04403205,-0.00646198,0.08425149,0.06821925,-0.03598798,-0.02545385,-0.03487920,-0.01982512,0.00860548,0.04924612,0.00656455,-0.02673530,-0.05560832,-0.04289469,-0.05385910,0.00144561,-0.03391608,-0.02062960,-0.02833523,-0.01078666,-0.01446373,-0.02987612,-0.01070123,0.03974144,0.09674252,0.03668002,-0.02194439,0.06406853,0.04523291
1999-12,0.07891871,0.01703957,0.00423998,-0.01414429,-0.04928298,0.05069332,0.03335771,0.02789800,-0.02803194,-0.05259200,0.11632329,0.06722157,0.04657194,0.03074643,-0.00742030,0.03465079,0.02843347,-0.00207781,0.03936242,0.05789416,0.13322724,0.09279085,0.06536131,0.19516236,0.11474383,0.04920194,0.03661999,-0.00124932,-0.00506383,-0.04818795,0.04570733,0.05261243,-0.01791444,-0.00173511,-0.04985105,0.11299028,0.10595616,0.00556748,0.02065349,0.00303743,0.02871381,0.06142792,-0.02278163,0.04218728,0.05098274,0.23534919,0.09462734,0.06863701,0.10909657,0.09499082
2000-01,-0.10798837,-0.08499842,-0.09289328,-0.09340135,-0.03399788,-0.07132002,-0.13192907,-0.07705494,-0.04882531,-0.00345081,-0.04098655,-0.07824948,-0.06512349,-0.10495644,-0.01258100,-0.05949917,-0.05556106,0.00136761,-0.06595876,-0.07914578,-0.02509877,-0.04049401,-0.06787470,-0.06087559,-0.02743496,-0.11871110,-0.06357529,-0.10752007,-0.09233757,-0.03025681,-0.07791775,-0.13766538,-0.08394524,-0.02546705,-0.00632979,-0.04169461,-0.08493965,-0.05349893,-0.11317934,-0.00830836,-0.05801384,-0.03424219,-0.03903297,-0.05923914,-0.07298917,-0.03970829,-0.08659793,-0.04182240,-0.03594452,-0.02179603
2000-02,-0.09138273,-0.09217927,-0.11839124,-0.11060692,-0.09087754,0.07758590,-0.01247712,-0.02082258,-0.13320306,-0.07036416,-0.04818752,-0.11860245,-0.01146872,-0.12424109,-0.11310967,-0.00487166,-0.07825659,-0.03684010,-0.04762981,-0.05620647,0.09276166,0.11586611,0.03702833,0.06419598,0.07842083,-0.09641022,-0.06866834,-0.13934208,-0.11690344,-0.08393249,0.09302583,-0.04594927,-0.11169930,-0.02928271,-0.06955182,-0.05363357,-0.06144592,-0.08467856,-0.11401260,-0.10746663,-0.01549709,-0.05674304,-0.01630092,-0.08184280,-0.05142961,0.23949813,0.01941965,-0.02165699,0.08893006,0.02149673
2000-03,0.09812349,0.12872092,0.11403401,0.14598399,0.12091031,0.08166707,0.05082963,0.03026500,0.10292481,0.13650512,0.06319125,0.13263159,0.13412055,0.12267334,0.10977398,0.13032883,0.12202939,0.06604678,0.07048966,0.09351616,0.03893473,0.08703382,0.11878684,0.06352025,0.08491012,0.10277238,0.11123339,0.17887205,0.09270547,0.12122235,0.05366378,0.12027387,0.13157217,-0.01696818,0.13133545,0.07420030,0.12686757,0.14496660,0.12194896,0.09804504,0.15016174,0.06867248,0.06892697,0.10046709,0.09319199,0.03897769,0.12735533,0.12081794,0.03552805,0.09303840
2000-04,0.09681515,0.03851045,0.05565860,0.03675250,-0.01386670,0.02305735,0.01163085,0.00549905,0.02229595,0.03147789,0.01938080,0.03221370,0.04942350,0.01255535,0.00048605,0.02777025,-0.00381920,0.00299116,-0.02317450,-0.04595655,0.01349090,-0.03699525,-0.00450660,-0.06534100,-0.04105590,0.07612830,0.10352685,0.03253245,0.01813640,-0.01645400,0.02083530,0.02913820,0.00797284,0.01518425,0.02040032,0.01320605,0.03212065,0.00634375,0.06157135,0.00081760,0.03041225,-0.02621595,0.00389437,-0.01028395,-0.03995040,-0.01640080,-0.08386135,0.00120670,-0.00185330,-0.03349910
2000-05,-0.04235077,0.07357795,0.03731480,0.06274709,0.13526620,0.00784928,0.03354196,0.05827872,0.06444684,0.03332845,0.05895720,0.00158321,0.04304372,-0.00509630,0.00178616,0.02812724,0.00330357,0.05644135,-0.00422270,-0.00068839,-0.00775754,-0.02956411,-0.11330436,-0.02986845,-0.07094538,-0.05929367,0.03665949,0.04643591,0.11999989,0.12305059,0.01708300,0.01420063,0.05696511,0.07560848,0.03385235,0.05667354,0.01205157,0.04640522,-0.02386924,0.01230048,0.02139278,0.00424889,0.05340967,0.01824848,-0.01456291,-0.03962571,-0.07548505,-0.05160151,-0.04185435,-0.04558828
2000-06,-0.06776460,-0.01824799,-0.09632491,-0.06609620,-0.07868056,-0.03003452,-0.05414295,-0.05739340,-0.04549199,-0.04693901,-0.00935764,-0.03413087,-0.06067028,-0.05784188,0.02254465,-0.05377055,-0.05088485,-0.02582098,-0.01629225,-0.01595091,0.01559280,0.02341981,0.03512774,0.01629019,0.09450341,-0.06708047,-0.03534449,-0.11035008,-0.05333159,-0.06294484,-0.02983516,-0.03247937,-0.07619354,-0.06284905,-0.03193658,-0.00456345,-0.02906133,-0.09392304,-0.02106866,0.00866941,-0.04873737,-0.05008095,-0.01515392,-0.02767854,-0.02227655,0.07220286,-0.00901869,0.02710413,0.02245272,0.06857655
2000-07,0.00142015,-0.01138890,-0.02312518,0.06133475,-0.01237234,0.00445014,0.02687727,0.05449356,0.01319405,-0.00439946,0.00447599,0.02689553,0.05726834,0.01875952,0.00010012,0.02238431,0.02468039,0.00731271,-0.02540260,-0.01840855,-0.05470616,0.01503690,-0.08255654,-0.00009008,0.02065056,0.01107294,-0.00326913,0.01865841,-0.01885851,0.01275614,-0.00323043,0.03426067,0.04897204,0.02326929,-0.00879191,-0.00427071,0.05781960,0.01321275,0.03817657,0.00454609,-0.01810782,0.03579114,0.04426762,-0.03350913,-0.02090960,-0.08409063,-0.03349409,-0.00382910,-0.02550637,0.04635265
2000-08,0.08477616,0.03833403,0.08796443,0.08081061,0.02757778,0.02585622,0.08659444,0.06365298,0.03036159,0.03412792,0.02123564,0.02642867,0.04343936,0.08013219,0.00820418,0.07512702,0.09877739,0.11652349,0.09563284,0.03741841,0.10556395,0.08164999,0.12542089,0.10232621,0.12127949,0.09514918,0.05016057,0.07680993,0.05146339,0.04579220,0.03695461,0.08195297,0.06663108,0.03595664,0.01758605,0.02578481,0.02389442,0.07141390,0.04926936,0.00908941,0.08365902,0.12163710,0.08853740,0.08151629,0.04907580,0.14407328,0.15277509,0.05983196,0.08734753,0.10179527
2000-09,-0.02020976,0.03091612,0.03947507,0.05599776,0.06527983,-0.07912993,0.02224774,0.05534239,0.02119096,0.04189396,-0.00587561,0.02647404,-0.01067569,0.03859168,-0.00838667,-0.03116977,0.02782995,0.01000966,-0.03041038,-0.02174806,-0.06489887,-0.01602058,-0.11989928,-0.02857266,-0.11688019,0.01189043,-0.00467374,0.04873399,0.03197948,0.08130486,-0.08928564,0.03507849,0.03155114,0.03444084,0.05079342,0.00592005,0.00508718,0.00136642,0.00343520,0.02257605,-0.02657179,-0.00994084,0.05042496,-0.03578555,-0.02737957,-0.06773392,-0.07755538,-0.04004220,-0.07495543,-0.09037043
2000-10,-0.06571630,0.03958705,0.06492316,0.11632335,0.02327845,0.06007195,0.04955085,0.05045237,0.09184730,0.03615825,0.01841160,0.01161070,0.06091832,0.05281420,0.02430450,0.01113145,-0.00475600,0.01351000,0.02081845,0.01499480,-0.00332365,0.00284745,-0.01818005,-0.10245320,-0.05946790,-0.06080930,0.02669775,0.08699174,0.09210865,0.03451030,0.03956940,0.10066420,-0.02216026,0.07244360,0.09393315,0.00704625,0.01712080,0.06752063,0.04103215,0.03566960,0.00389535,-0.03373755,0.03325463,0.03382330,0.01945020,0.00192925,-0.02442455,-0.04337532,-0.05340460,-0.06256190
2000-11,-0.09334471,-0.00118793,-0.01896244,0.00557001,-0.00311662,0.04197284,0.00715876,0.03468992,0.01078632,-0.06009123,0.01590029,0.02694508,0.02659084,-0.05929987,0.00381817,0.00477323,-0.05159573,-0.06787163,-0.04563922,-0.09486923,-0.11462002,-0.11575320,-0.17850469,-0.18656943,-0.13493169,-0.07300565,0.00141394,-0.01245851,-0.01309335,-0.00997711,0.03101160,0.04250722,-0.00426723,0.01470445,-0.04999551,0.01514911,0.02456623,0.01819468,-0.05548538,0.01042583,0.00584095,-0.06759482,-0.06438383,-0.05769850,-0.07165452,-0.20723293,-0.11435612,-0.13001769,-0.14979039,-0.12254686
2000-12,0.14827352,0.13210381,0.12048226,0.05924360,0.08196642,0.09826228,0.04305896,0.04903388,0.07205333,0.03476319,0.07138746,0.10293111,0.08696644,0.04165598,0.04945554,0.06942768,0.11363326,0.05844273,0.07847006,0.00033109,0.09932345,0.10769826,-0.00530068,0.03887625,-0.02238891,0.13669953,0.12352627,0.11598141,0.09552633,0.06367117,0.08234842,0.06834232,0.04259358,0.08168578,0.02221576,0.08881406,0.07646956,0.10497941,0.04138924,0.04240740,0.06618752,0.10341581,0.08503148,0.05858533,0.01082862,0.10498179,0.06629469,0.02170795,0.01348963,0.01543215
2001-01,0.09204432,0.06437089,0.08454750,0.12056964,0.02036139,0.03144334,0.05378798,-0.02429654,0.03913126,0.02465785,0.01394804,0.00325641,-0.02978876,0.03850238,0.00513299,0.05631047,-0.03959866,-0.02606813,0.00413622,0.06881233,0.01383961,0.06345634,0.06726902,0.03413814,0.02883445,0.10098772,0.01839537,0.06616614,0.11844523,0.08142924,0.03242227,0.02115902,-0.01236177,0.03001291,0.05298628,0.01172131,0.00615126,-0.03924257,0.05722094,-0.00318545,0.04570450,-0.03541017,-0.00723008,0.01408262,0.04514600,0.09724968,0.00775480,0.02744063,0.07529425,-0.00037130
2001-02,0.06080979,-0.00215474,-0.01037704,0.02068450,-0.01593790,0.04464975,-0.03064826,0.02942347,-0.02765719,-0.01446379,0.02297424,-0.00005116,0.00884965,-0.02493179,-0.00543462,-0.03999147,0.00435066,-0.04138001,-0.04694028,-0.08199579,-0.08196526,-0.10856287,-0.14187520,-0.20642188,-0.18617675,0.06423648,-0.03281659,0.01792727,0.02076907,-0.01831211,0.04824536,-0.01037192,-0.01921377,0.00384451,-0.02748949,0.01840185,0.00423423,0.01167449,-0.02682523,-0.00575954,-0.03539596,0.00377578,-0.05258161,-0.05919162,-0.06270749,-0.12258789,-0.14385561,-0.15124982,-0.14564160,-0.16407712
2001-03,-0.02263466,-0.02080692,-0.00306295,-0.06863240,-0.02240263,-0.02772206,-0.01463260,-0.03103745,-0.04562645,-0.03008350,-0.02370347,-0.04498443,-0.01251282,-0.06250355,-0.02554060,-0.01671283,-0.00305937,-0.03005533,-0.04396245,-0.05177792,-0.06050695,-0.04503325,-0.08743278,-0.09262553,-0.11369327,-0.01286609,-0.02892248,0.00273441,-0.05245507,-0.04646515,-0.02276913,-0.00915838,-0.05679934,-0.03137765,-0.03866599,-0.02297980,-0.04046259,-0.01838512,-0.06037231,-0.02574166,-0.01894390,0.00620146,-0.03747349,-0.05404510,-0.04100337,-0.07974321,-0.05511307,-0.08755672,-0.05404517,-0.11549466
2001-04,0.13552710,0.17621790,0.06029116,0.10046220,0.06422300,0.09604610,0.15715974,0.16807965,0.08750632,0.09166860,0.09792010,0.08009805,0.11253684,0.10893050,0.07134905,0.04051335,0.06880379,0.11151925,0.03890732,0.04169950,0.03732275,0.05674610,0.04045844,0.03863260,0.04003780,0.09101565,0.15631835,0.08652268,0.11891400,0.08526225,0.09153770,0.10409816,0.15995245,0.13763979,0.10708590,0.08887485,0.05620200,0.12895884,0.07105145,0.12656850,0.03717285,0.06407747,0.08725355,0.07269279,0.04169950,0.05913685,0.02504740,0.04807694,0.05525500,0.02644335
2001-05,0.03473039,0.02350945,0.00251984,0.00119097,-0.02228047,0.05684073,0.03805872,-0.00882641,-0.02089882,-0.01405522,0.01244044,0.02884904,-0.00263479,0.01401403,-0.00999118,0.02318419,0.01466276,0.01702836,0.04431941,0.03072313,0.02898470,0.02330069,0.03211765,0.01835026,0.00208796,0.07246790,0.02984855,0.01475735,-0.03768413,-0.03632144,0.03972600,0.04914413,0.02518762,-0.03764683,-0.02397776,0.01011540,0.05733538,-0.00793815,0.01504554,-0.02867357,0.02293327,0.02669769,0.03914226,0.00880959,0.03072313,0.02241147,0.02454663,0.01070888,0.01775583,0.02753094
2001-06,0.00310096,0.04002829,0.01984181,0.01739906,-0.05355648,0.01688008,0.02512140,-0.00495915,-0.06616330,-0.05726740,-0.01293253,0.01637337,-0.03546527,-0.04289332,-0.01202725,0.00386514,-0.02567064,0.00435184,-0.00169110,-0.05252478,-0.01535975,-0.02612048,-0.03227878,-0.05822200,-0.04517827,-0.02969920,0.03484491,0.02364994,0.03799378,-0.03548600,-0.01668529,-0.00055254,0.01771882,-0.03051503,-0.05171059,-0.01328840,0.02089462,-0.03634803,-0.04910197,-0.01025032,0.00429908,-0.01897460,-0.01788317,0.01607294,-0.05252478,-0.01673504,-0.03099394,-0.02466814,-0.04648960,-0.05725267
2001-07,-0.00345115,-0.00857785,-0.02563314,-0.00280532,-0.00198665,0.00971201,-0.02555987,-0.02215552,-0.03294925,-0.00849704,0.01758265,-0.02422580,-0.02841974,0.00265343,0.01150440,0.00919671,-0.03183281,-0.03300871,-0.04391916,0.01110523,-0.00991964,-0.01401026,0.00852397,0.01827607,-0.02875079,0.03355286,0.00387343,-0.04123162,-0.03632683,-0.00432641,0.02449794,0.03751522,-0.08371742,-0.01959321,-0.03050255,0.03903319,0.00303118,-0.07034850,0.02393972,-0.01495993,0.00930653,-0.01789924,-0.04110560,-0.04803166,0.01110523,0.00737748,-0.02530987,-0.00683149,0.01147423,-0.01732029
2001-08,-0.00958262,-0.01735540,-0.00433684,-0.08156670,-0.08113855,-0.04556518,-0.06523719,-0.04374353,-0.07876628,-0.06043395,-0.02542095,-0.05362783,-0.02477988,-0.04534757,-0.08342501,-0.00564897,0.00470697,-0.06240973,-0.05184283,-0.03653557,-0.05305305,-0.00010940,-0.04991461,-0.02394270,-0.03332759,0.03549847,-0.05028162,0.00789180,-0.08066506,-0.10828121,-0.02778095,-0.06024637,-0.04126730,-0.08587698,-0.07994656,-0.00289112,-0.04112639,-0.05198690,-0.04143256,-0.09587007,-0.00845375,0.01763859,-0.06596821,-0.05905066,-0.03653557,-0.04567122,-0.01532387,-0.04113331,-0.02627498,-0.02753678
2001-09,-0.15954901,-0.18729975,-0.16416869,-0.15604896,-0.14568215,-0.17056374,-0.15622084,-0.17447849,-0.11726784,-0.07082344,-0.11014364,-0.10311208,-0.07719395,-0.14925735,-0.06435169,-0.10594231,-0.09018457,-0.12043380,-0.10549643,-0.06433607,-0.15402822,-0.09355785,-0.04356986,-0.03932384,-0.06912803,-0.14423139,-0.14939936,-0.16863507,-0.20576538,-0.15699148,-0.14586657,-0.14028173,-0.16108254,-0.15300316,-0.10018728,-0.09185924,-0.07616550,-0.11978579,-0.11162200,-0.11144149,-0.11373784,-0.05421824,-0.11236990,-0.14606803,-0.06433607,-0.13425644,-0.09055300,-0.03136788,-0.08478921,-0.05955375
2001-10,0.20217290,0.21927805,0.16313000,0.06087175,0.06919220,0.12590820,0.05925189,0.01928455,0.06093005,0.00782205,0.01575635,0.02514625,0.03900200,0.00223280,-0.01201960,-0.00226980,0.03397753,-0.02685395,0.05982761,-0.00017165,0.00822780,0.03526140,-0.01782333,-0.01265855,-0.03598865,0.07412785,0.21919475,0.12659363,0.22580860,0.06709325,0.04928290,0.06759005,0.07814050,0.06880663,0.01018740,0.02745440,0.02674915,0.03482579,-0.00166370,-0.01745665,0.03286505,-0.01133679,-0.02214285,0.06338611,-0.00017165,-0.00078170,0.00714340,0.02670661,-0.01979085,-0.03180580
2001-11,0.27020570,0.18072705,0.17145306,0.14619719,0.16222268,0.15335471,0.11911906,0.06498648,0.10171263,0.08704076,0.13222460,0.05825801,0.06878973,0.07243363,0.05474525,0.09282689,0.07385919,0.05920471,0.08499902,0.06946247,0.10477069,0.06596204,0.04802759,0.05167749,0.08146641,0.19675309,0.17518043,0.20163878,0.19874959,0.16758851,0.13354518,0.11252773,0.09258359,0.10776900,0.08464838,0.11742617,0.09271755,0.04967544,0.05999300,0.06517428,0.08598869,0.08821346,0.06054159,0.07626448,0.06946247,0.10089581,0.08734255,0.04042949,0.06626919,0.05512920
2001-12,0.02805231,0.03502172,0.02214756,0.01923178,-0.03607884,0.03040023,0.07143821,0.00996711,0.00328396,-0.00951695,0.04129634,0.04311169,0.01342196,0.02103451,0.02582030,0.03279091,0.03773901,0.02893895,0.07227168,0.01318146,0.06520926,0.06135065,0.03282888,0.03813760,0.02952871,0.05118539,0.04807650,-0.04477021,0.05903905,-0.05087078,0.06237763,0.06062433,-0.00939666,-0.00736960,0.00066464,0.03673415,0.04261504,0.02871143,0.01114267,0.02535177,0.03184493,0.02272526,0.04711270,0.07027008,0.01318146,0.07628110,0.05577683,0.02346054,0.04391327,0.02660706
2002-01,-0.07010545,-0.07034773,-0.03436409,0.01577410,0.00129085,0.02066035,0.05683730,-0.00703384,-0.01854728,-0.05988192,0.02306344,0.00424244,0.04215232,0.00896289,0.00121468,0.02792842,-0.00982486,0.01976559,-0.00594171,-0.00694170,0.01878973,0.00754122,0.00626010,0.00609641,0.00904682,-0.05843433,-0.02353830,-0.08587763,-0.01152794,-0.00126935,0.01464038,0.05352705,-0.00402652,-0.01377781,-0.05436229,0.02345155,0.03008674,0.01143965,0.00578030,0.00669452,0.03763863,-0.02244171,0.02726866,-0.01287177,-0.00694170,0.01372085,-0.01392395,0.02767660,0.00662285,0.01724879
2002-02,-0.12367875,-0.11031122,-0.09245368,-0.15232492,-0.07948502,-0.02121011,-0.02000079,-0.00933092,-0.03616804,-0.04077279,0.07088177,0.01370167,0.02070148,0.00370673,0.00539671,0.04920720,0.01927447,0.02254840,0.01974393,0.01627069,0.05387512,0.03784347,-0.00644572,-0.00210511,-0.00616197,-0.03180410,-0.05859648,-0.18067422,-0.18093741,-0.11106539,0.02124070,-0.02559295,-0.03828340,-0.05673426,-0.03257062,0.05951051,0.02319446,0.03237811,0.01158014,-0.00893739,0.05435891,0.00917304,0.02513429,0.01984893,0.01627069,0.06294209,0.00667785,0.00851381,-0.00285761,0.00502932
2002-03,0.15434861,0.08412054,0.11037953,0.09357012,0.06018678,0.06376842,0.08245512,0.09943657,0.09172109,0.01791837,0.07116428,0.07466355,0.05513509,0.06227399,0.03351044,0.05466284,0.04144610,0.04105953,0.03723579,0.04605692,0.01746290,0.04230715,0.04266906,0.04902876,0.05169156,0.10597282,0.09493531,0.11831125,0.15556225,0.02768662,0.02459150,0.08985665,0.11425954,0.11292121,0.02206573,0.06959762,0.07189183,0.05404476,0.05998365,0.04069256,0.04985952,0.04650520,0.03619456,0.04215207,0.04605692,0.01225572,0.04581995,0.06518996,0.04049088,0.04021835
2002-04,-0.12821705,-0.10106110,-0.07181115,-0.13692965,-0.10819890,-0.03184350,-0.05866360,-0.05813958,-0.05721075,-0.06020995,0.00756835,-0.01837760,-0.03419663,-0.03339550,-0.04724685,-0.02016275,0.01397460,-0.00253721,-0.01292925,-0.00919450,0.00223055,0.01863555,0.02457195,-0.00061145,0.01223275,-0.10559070,-0.09214535,-0.08965395,-0.11339580,-0.14543205,-0.04506300,-0.02408405,-0.08401384,-0.05399025,-0.06020995,0.00756835,-0.02216945,-0.02558000,-0.03506995,-0.04996635,-0.03507930,0.02656810,-0.00552789,-0.01063050,-0.00632905,0.01560170,0.00369265,0.02419280,-0.00143025,0.01500245
2002-05,-0.11079238,-0.02161243,-0.05169224,-0.03998630,0.03181081,-0.02919846,-0.01464402,-0.01195217,-0.04334769,0.00227553,-0.00370614,-0.02637484,-0.02095243,-0.02402416,-0.00940403,-0.00815419,0.01751515,-0.01242786,-0.00563748,-0.00618835,0.01225507,0.00900574,0.01626942,0.00553111,0.00732902,-0.05257684,-0.06631111,-0.03684054,-0.03067104,-0.00255171,-0.00357486,-0.03093711,-0.02534020,-0.04012569,0.00227553,-0.00370614,-0.02817121,-0.01639920,-0.01721991,-0.01889663,-0.00581366,0.01059269,-0.01228018,-0.00680006,-0.00064144,0.00794014,0.00551820,0.02942960,-0.00010644,0.00732379
2002-06,-0.15977943,-0.15884725,-0.21770253,-0.18165209,-0.12521507,-0.12287608,-0.07225581,-0.06330153,-0.08788761,-0.04922928,-0.09816941,-0.04749326,-0.06364915,-0.07136878,-0.06869102,-0.02872369,-0.03456017,-0.04912731,-0.02761619,-0.04435547,-0.02716496,-0.05855108,-0.05031318,-0.02333366,-0.06294867,-0.14071144,-0.16522368,-0.23191432,-0.16960828,-0.13123107,-0.09479763,-0.09725932,-0.06377830,-0.08971563,-0.04922928,-0.09816941,-0.05468423,-0.05474726,-0.07287443,-0.06845177,-0.03085382,-0.03722198,-0.05005820,-0.02504985,-0.04107247,-0.02870964,-0.07061459,-0.04467628,-0.02956666,-0.04937254
2002-07,-0.18354625,-0.15718393,-0.19205028,-0.13547818,-0.09706454,-0.12384194,-0.11617092,-0.14898873,-0.09947146,-0.06692654,-0.15256282,-0.13138224,-0.10894800,-0.07221288,-0.06657836,-0.07730168,-0.06335975,-0.13524098,-0.08463497,-0.04685488,-0.11031200,-0.12744914,-0.05918497,-0.06939677,-0.07699570,-0.20388875,-0.16737175,-0.12321835,-0.16889381,-0.09356034,-0.13646664,-0.09919566,-0.15019122,-0.10378336,-0.06692654,-0.15256282,-0.14312932,-0.07618855,-0.09364315,-0.06511988,-0.08397973,-0.05887915,-0.11141284,-0.10605736,-0.04624265,-0.11571513,-0.12087268,-0.07248334,-0.06930191,-0.06565624
2002-08,-0.06355614,0.07373957,0.00647226,0.02247074,0.02285190,-0.01869863,0.00350342,-0.01716926,-0.02679350,-0.01172607,0.02370551,-0.01800198,-0.00263220,0.01420891,0.00816851,-0.00564643,-0.00163834,0.00985031,0.00760154,0.02538109,0.02229094,0.01228426,0.03681466,0.03910424,-0.01017146,-0.01898270,-0.00218214,0.03513414,0.05839067,0.00574201,-0.00739982,-0.02395782,0.00501572,-0.03003013,-0.01172607,0.02370551,-0.01491148,-0.01027263,0.01767100,0.00949959,-0.00582505,-0.00110090,-0.00296066,0.01717470,0.02659923,0.03571957,-0.00682328,0.03711579,0.01890674,0.01479626
2002-09,-0.16746322,-0.14288409,-0.15452674,-0.17541615,-0.11796683,-0.16582641,-0.14974601,-0.10551140,-0.08711659,-0.11634008,-0.11418691,-0.09939253,-0.08159759,-0.10871854,-0.10673773,-0.09139123,-0.10363728,-0.09233150,-0.07541298,-0.11391625,-0.06973662,-0.07307018,-0.06974634,-0.06268170,-0.04768064,-0.16577620,-0.12307028,-0.16292312,-0.14348913,-0.14943305,-0.14693005,-0.14120730,-0.13021606,-0.09037424,-0.11634008,-0.11418691,-0.10304224,-0.07369685,-0.10453998,-0.11578722,-0.11270222,-0.08529668,-0.10058808,-0.06963118,-0.11091133,-0.07025605,-0.05319315,-0.07904088,-0.07595719,-0.04288536
2002-10,0.20380920,0.09689870,0.10938605,0.06135745,0.18305245,0.00417295,0.11244920,0.15588332,0.07804732,0.07746775,0.10390610,0.10892125,0.05485200,0.03739510,0.09121830,0.03889100,0.09436815,0.05748989,-0.01106560,0.05225750,0.01390830,0.04241325,0.03610221,0.03273870,0.00841610,0.11716745,0.16009955,0.03691175,0.13867380,0.20165130,0.04877710,0.11900955,0.05175884,0.07453211,0.12856095,0.10621385,0.08989685,0.08735879,0.03442615,0.08002245,0.04438545,0.07207585,0.07643395,-0.01379525,0.05378815,-0.00230875,0.03542680,0.03838679,0.05515345,0.00703450
2002-11,0.31834993,0.40869282,0.22550706,0.17053586,0.11763326,0.25034115,0.23329230,0.17001799,0.07633318,0.11336640,0.15132869,0.13682616,0.06401266,0.08361822,0.05462198,0.04915748,0.07364151,0.02187213,0.03278472,0.01383250,0.04338514,0.02101954,-0.00656160,-0.00165718,-0.04028271,0.29805320,0.28980658,0.31193351,0.21265825,0.13905174,0.17871109,0.22178072,0.19019907,0.12369368,0.12938606,0.14232659,0.13385801,0.07307098,0.08200961,0.06076709,0.06047017,0.05619470,0.02493758,0.03981887,0.01180538,0.03567414,0.01221509,-0.01663419,0.02226825,-0.03795211
2002-12,-0.12689013,-0.13228160,-0.12042593,-0.08938952,-0.08781588,-0.04439936,-0.13892788,-0.07265062,-0.09518622,-0.11267949,-0.07020919,-0.08542095,-0.03011279,-0.05732746,-0.06142539,-0.03991031,-0.02128010,-0.03808492,-0.01750562,-0.01990388,-0.02719574,-0.01684713,-0.01853081,0.01456885,0.00400818,-0.09745996,-0.14283968,-0.12091571,-0.09107168,-0.11072550,-0.03909274,-0.13382349,-0.06629149,-0.11813281,-0.10525834,-0.07066145,-0.07321162,-0.04888245,-0.05047324,-0.06434533,-0.02968554,-0.02868716,-0.03922713,-0.01343662,-0.02481667,-0.02460460,-0.00220511,-0.02304080,0.00020635,0.00406858
2003-01,-0.06512891,-0.06508595,0.01622939,-0.00362017,-0.04247662,0.00308016,-0.05324107,-0.01149729,-0.04735129,-0.01648154,-0.01436295,0.01838256,-0.03662363,-0.03222192,-0.03508060,-0.06206064,-0.03060221,-0.00250363,-0.02029999,-0.02226408,-0.01940977,-0.02223214,-0.00889518,-0.03410336,-0.02138857,-0.07030047,-0.09143427,0.02087330,0.01168534,-0.03363325,-0.03930382,-0.05153800,0.03491265,-0.03368430,-0.03037779,-0.01639921,-0.00346419,-0.00606859,-0.04159529,-0.02972168,-0.05544792,-0.02997255,-0.01328155,-0.00963988,-0.02940756,-0.00944012,-0.02373254,-0.01312368,-0.03750936,-0.02224622
2003-02,-0.08005911,-0.02522912,-0.04706466,-0.06061315,-0.04664817,-0.00056854,0.00547965,-0.00005445,-0.03150045,-0.01565304,0.00478933,-0.02093599,-0.01391524,0.00466654,-0.00953179,-0.01807148,-0.00986048,-0.00610757,-0.02214034,-0.01461703,-0.03124650,-0.01420223,-0.00235849,-0.01098583,-0.02454452,-0.09052360,-0.04831454,-0.01448867,-0.06594096,-0.04081214,-0.02013820,0.02228043,-0.01912068,0.00458162,-0.02304907,-0.00356187,-0.01958415,0.00082809,0.00248253,-0.01436969,-0.01146088,-0.01856341,0.00386489,-0.02425512,-0.01937641,-0.04099790,-0.00252967,-0.01129694,-0.00280146,-0.02708793
2003-03,0.00347670,0.03854241,-0.02019468,0.00840851,-0.00423853,0.03227545,-0.00170372,-0.01508458,-0.01395009,-0.01226343,-0.02840370,0.03706498,0.01489345,0.00437648,0.00223691,0.00963796,0.00899123,0.02707834,0.01984884,0.00834672,-0.02354738,0.02417795,0.00240780,0.01625079,0.00109773,-0.00694605,-0.00684751,0.02887906,0.00870798,0.00259671,-0.03772739,-0.00863313,0.03043395,0.01534909,-0.01121760,-0.02413856,0.02166060,0.02960231,0.01230596,-0.00902196,0.00423539,0.01525231,0.02896420,0.02022656,0.00437257,-0.01393543,0.01477035,0.00169781,0.00903158,0.00951926
2003-04,0.28410595,0.14696965,0.13088300,0.09664315,0.14345225,0.30685625,0.08370850,0.09906874,0.14294816,0.08669940,0.21255725,0.08042655,0.05779470,0.06330790,0.08656475,0.09782495,0.08106465,0.07817426,0.05843980,0.05413120,0.06770525,0.04848395,0.05616705,0.02391530,0.06203410,0.18111390,0.24358453,0.11228025,0.12566020,0.13738905,0.30294970,0.08917045,0.07584374,0.16280216,0.08834645,0.15703410,0.10390735,0.08311285,0.07105080,0.08554605,0.09060595,0.08609805,0.06943642,0.06547905,0.05757850,0.06770525,0.05154850,0.04625030,0.02858825,0.06421335
2003-05,0.21629958,0.20846289,0.12427159,0.12694313,0.08486938,0.15805764,0.14867029,0.11695464,0.10443859,0.04383120,0.14491464,0.09563857,0.09280057,0.06140446,0.07235096,0.10023165,0.06995878,0.04904353,0.06471091,0.03685186,0.09008546,0.07354145,0.04819936,0.08225580,0.04687717,0.19045858,0.19459077,0.18228126,0.10958598,0.08687297,0.15319068,0.14387182,0.10360112,0.12178154,0.04971305,0.14353047,0.09461139,0.09232307,0.06380501,0.07578764,0.10176784,0.06713807,0.06289786,0.05272777,0.03711327,0.09008546,0.07754386,0.05759618,0.07078706,0.04443274
2003-06,0.10485684,0.00301202,0.00056633,0.01734531,0.01217889,0.00262973,0.02057773,-0.01161037,0.00048239,0.02315971,-0.00580924,-0.00231008,0.01082994,0.01349278,0.01584444,0.01777465,0.00061449,0.00589188,-0.00554729,0.01004677,0.00030207,-0.00955512,-0.00433076,0.00896730,0.01927757,0.05233013,0.07394476,-0.01934394,0.01970187,0.01610920,0.00794713,0.00053175,0.00637021,-0.00460620,0.02522972,-0.00002420,-0.00595381,0.01266466,0.00769390,0.01617155,0.01961168,0.00179054,0.00377259,-0.00361169,0.00690814,0.00030207,0.00884846,-0.00407615,-0.00418714,0.01312488
2003-07,0.01455426,0.04282583,0.06626038,0.04148308,0.01444503,0.06301888,0.01056262,0.01588942,0.03926220,0.02749934,0.03571712,0.03277405,0.02686272,0.01522504,-0.00200624,0.03944081,0.02799139,0.06290990,0.01186616,0.03456644,0.01105413,-0.00202507,-0.02016374,-0.00676711,0.01736233,0.06837082,-0.01326006,0.06973884,0.03701678,0.01579227,0.04617656,0.04567434,0.02043335,0.01624998,0.03096966,0.06140080,0.02349769,0.01786161,0.00104530,0.00199762,0.04610830,0.02448480,0.05321650,0.00961033,0.04255045,0.01105413,0.00030522,-0.02025254,-0.00271872,0.01085194
2003-08,0.11610269,0.07447526,0.05855062,0.02957245,0.03384534,0.10670155,0.03942100,0.05571765,0.08078979,0.03544897,0.06458607,0.09961262,0.02978335,0.02204988,0.01216314,0.03170889,0.04152625,0.04439562,0.04264398,0.01674307,0.04220333,0.02174923,0.01500253,0.02037134,-0.01460396,0.07146833,0.12809909,0.04509498,0.03437756,0.03931012,0.08633978,0.06394643,0.06113466,0.07989551,0.03282619,0.05516261,0.08934674,0.04485597,0.02740613,0.01347981,0.03668753,0.04498570,0.03604730,0.03907122,0.01966176,0.04220333,0.02533536,0.02715635,-0.00010623,-0.01031645
2003-09,-0.04623758,-0.02864470,-0.04466468,-0.02803461,-0.02215356,-0.02703768,0.00181180,-0.02275725,-0.04116073,-0.00349975,-0.00434891,-0.05065257,-0.01405641,-0.02523197,-0.01983415,0.00190247,-0.01534844,-0.02722405,-0.02636074,-0.03229848,0.00450826,-0.00606481,0.00334653,0.01295503,0.00938769,-0.04667564,-0.03214586,-0.04054592,-0.02764038,-0.02416235,-0.04091650,0.00406493,-0.02536866,-0.02315064,-0.00530960,-0.01175864,-0.04435391,-0.00068625,-0.03450237,-0.02252426,0.00149995,-0.02149435,-0.01239233,-0.03035117,-0.03652546,0.00450826,0.01518838,-0.00226255,-0.00291921,0.00885894
2003-10,0.05929540,0.07727935,0.03909760,0.05351795,0.07373820,0.09296555,0.07402070,0.10595884,0.05783165,0.05964645,0.08128315,0.08635630,0.06994520,0.06144775,0.02827880,0.07638535,0.06763610,0.04568237,0.09697805,0.09109610,0.06205463,0.11054225,0.07254625,0.04957190,0.07864595,0.07141460,0.06474340,0.06357185,0.02946045,0.07373820,0.11359320,0.07273330,0.08599016,0.05746165,0.05964645,0.09597260,0.08426060,0.05670345,0.06332335,0.02705120,0.09205925,0.06315340,0.07128142,0.06977850,0.08278535,0.06540063,0.10921470,0.07364700,0.07075125,0.05451470
2003-11,0.04677609,-0.00377148,0.03048120,0.02163297,0.01831042,0.02377486,0.02764161,0.01627201,0.01893924,0.01354899,0.03541737,0.01447072,0.00476938,0.01605810,0.01035056,0.06611971,0.00821970,0.01361202,0.01640836,0.00866350,0.00010136,0.04221705,0.04725451,0.02090360,0.01323259,0.02690872,0.01810258,0.03103114,0.01830238,0.01831042,0.03796843,0.01417811,0.01374406,0.01998496,0.01354899,0.04429080,0.00407490,0.01976728,0.00268275,0.00984090,0.06594630,0.00005958,0.02205792,0.01210822,0.01241054,-0.00387125,0.04645139,0.04153640,0.02819290,0.01089836
2003-12,0.11962571,0.07787165,0.07038557,0.04725475,0.06545286,0.07624236,0.03684328,0.03384108,0.05080820,0.06564933,0.07022472,0.03066377,0.03555640,0.03761750,0.05582649,0.05689413,0.04329198,0.04056067,0.01857582,0.05163626,0.02850471,0.02644882,0.03933591,0.04591810,0.06305770,0.13866778,0.05854874,0.05292778,0.06522096,0.06545286,0.05610222,0.04893196,0.03569990,0.05757229,0.06564933,0.05752237,0.04209988,0.04268585,0.03749899,0.04971616,0.06449432,0.03038871,0.01940852,0.04396732,0.05025564,0.02826578,0.01450865,0.04626692,0.05091373,0.06430363
2004-01,-0.03369635,0.01381738,0.01500685,0.02480107,0.01630523,0.05710672,0.02451859,0.04412477,0.00789889,0.00204393,0.05014802,0.04657203,0.00601741,0.02996483,0.00893147,0.04823427,-0.01054221,0.02706149,0.01474280,0.01211141,0.03937982,0.02960721,0.03372449,0.04415801,0.01182062,-0.03345652,0.01678175,0.03441512,0.00199408,0.01630523,0.05076327,0.06300225,0.00789428,0.01247637,0.00204393,0.07068981,0.02273199,0.02557476,0.01229140,0.00857435,0.04576167,-0.00611817,0.01232285,0.03429869,0.00342011,0.06208677,0.03052994,0.02486032,0.00754548,0.03569896
2004-02,0.03883392,0.04930484,0.02363138,0.00884675,0.01416938,0.01685985,0.01663849,0.02750609,0.03134486,0.02711169,-0.00314982,0.00971629,0.02044576,0.00311919,0.02243362,0.02047647,0.03590223,0.01733303,0.00294608,0.02867293,0.01340239,-0.00250477,0.04110420,0.02148992,0.01420366,0.04429922,0.04745325,0.02096375,0.00721736,0.01416938,0.01174472,0.02017633,0.02415846,0.03705675,0.02711169,-0.00260351,0.00789860,0.01408583,0.01277322,0.02056675,0.02973285,0.02303616,0.00528577,0.01425816,0.03082100,-0.00254708,0.00556464,0.03536298,0.02948492,0.01882441
2004-03,0.01070769,0.00817705,-0.03333023,-0.02237801,-0.02406031,-0.01083974,-0.02295056,-0.00426010,-0.01149081,-0.01964561,-0.02432796,-0.00509794,-0.01187464,-0.01322738,-0.02466135,0.01891885,0.00227089,0.00419646,0.01124959,-0.01904844,0.00432541,-0.00696556,0.03057824,-0.00028082,0.01317773,0.01339801,-0.00162415,-0.02658194,-0.02152621,-0.02406031,-0.02590131,-0.00484696,-0.00232087,-0.01396827,-0.01964561,-0.02490085,-0.00990949,-0.00452923,-0.01399901,-0.02539798,0.01601217,0.01763443,-0.00960060,0.01019775,-0.01758334,0.00493225,-0.01096626,0.03123853,0.00563177,0.01039758
2004-04,-0.04786800,-0.00434800,0.02077450,-0.00148015,0.02736335,-0.02536930,-0.02036965,-0.00893795,-0.00833005,-0.01677080,-0.02798690,-0.02734975,0.01270695,-0.01449315,-0.00969985,-0.03995730,-0.03722915,-0.07051565,-0.01130800,-0.04689615,-0.05697185,-0.04809240,-0.06331700,-0.04209935,-0.03416621,-0.04504410,-0.01658445,0.03137100,-0.00266410,0.02736335,-0.03111410,-0.00981380,-0.00774395,-0.01433510,-0.01677080,-0.02959050,-0.02358735,0.00662674,-0.01087575,-0.00969985,-0.04571505,-0.04138515,-0.05425585,-0.02196660,-0.04258360,-0.07766485,-0.05045570,-0.05115625,-0.03495245,-0.03022026
2004-05,-0.00182248,-0.00458743,-0.00045710,-0.00036409,-0.01741026,0.02400832,0.03619948,0.00592594,0.00722296,0.01248600,0.01472135,0.04224432,0.02543605,0.00734467,0.02672064,0.05726392,0.02356001,0.03324423,0.01984905,0.01114515,0.01195108,0.04436961,0.03917291,0.01977832,0.03687466,-0.00884553,0.00108230,0.00384571,-0.00349834,-0.01741026,0.03232121,0.01840941,0.01681509,0.00575037,0.01248600,0.02120894,0.02706298,0.02374104,0.01758968,0.02672064,0.06184664,0.03515996,0.00823581,0.03228972,0.00975817,0.02064282,0.05634916,0.02544597,0.02281808,0.02634118
2004-06,0.05236192,0.03083031,0.04433243,0.02591144,0.01555884,0.04339607,0.03885255,0.02398605,0.02990221,0.00217883,0.05774128,0.04677872,0.03584277,0.01300229,0.01236633,0.06780833,0.01786231,0.02335964,0.01557863,0.02533770,0.02833552,0.01857428,0.03379729,0.02983275,0.03560273,0.05562511,0.02805183,0.05138145,0.01845088,0.01555884,0.04088644,0.03999512,0.02388585,0.03147639,0.00217883,0.06532663,0.04643454,0.02460940,0.01713263,0.01236633,0.07887525,0.01043844,0.01980641,0.01859107,0.02549328,0.03165760,0.01879666,0.03315822,0.03422460,0.02825513
2004-07,-0.05495488,-0.04809813,-0.06977403,-0.02648360,-0.03663147,-0.05353649,-0.04420224,-0.00881610,-0.02553517,-0.01853777,-0.09397680,-0.02281005,-0.03145998,-0.02038754,-0.03336151,-0.05745735,-0.03020114,-0.02312572,-0.04381133,-0.03358501,-0.05785621,-0.05955324,-0.02010110,-0.06920479,-0.06818464,-0.05227932,-0.04737732,-0.07865589,-0.02002149,-0.03663147,-0.07606637,-0.01905087,-0.01647266,-0.02096887,-0.01853777,-0.08482340,-0.03013983,-0.02789333,-0.02514400,-0.03336151,-0.06680547,-0.03207215,-0.02690243,-0.03522138,-0.02767968,-0.05886797,-0.07468099,-0.02696973,-0.04859958,-0.06571555
2004-08,-0.02953934,-0.00219812,-0.00101405,0.01652693,0.00164523,-0.00549392,-0.00794040,0.01129137,0.00169285,0.00546884,-0.00388401,0.01248318,0.01702537,0.00363238,0.01539396,-0.01235933,-0.00592354,0.00929095,0.00636684,0.01355934,-0.00979212,-0.04020785,-0.01358476,-0.02907691,-0.01409176,-0.03375327,-0.01147530,0.00701294,0.02153841,0.00164523,-0.01148488,-0.00730215,0.01158534,0.00648557,0.00546884,-0.00929546,0.01904734,0.01526117,0.00442516,0.01539396,-0.01639553,-0.01375510,0.00965660,0.01686054,0.01442609,-0.01975652,-0.04822518,-0.00713756,-0.01993489,-0.01200041
2004-09,0.00465428,0.03335272,0.03237195,0.02323262,-0.01884065,0.00490957,0.03980054,0.01999324,0.01190264,-0.01217258,0.02164509,0.03202404,0.04733434,0.03416856,0.00851738,0.03159752,0.02477378,0.02884941,0.03567539,0.01427794,0.04693825,0.04821781,0.05214316,0.07231459,0.06041752,0.01587466,0.03562317,0.01091565,0.03131520,-0.01884065,0.00516292,0.03415952,0.02697210,0.00943163,-0.01217258,0.03069877,0.05006838,0.02626617,0.02768032,0.00851738,0.02209969,0.03574614,0.03693646,0.03047075,0.01008699,0.04999474,0.05763796,0.03829398,0.08157648,0.05201793
2004-10,0.10209605,0.04795565,0.03579870,0.05312380,0.00069630,0.04180355,0.03097295,0.02739830,0.03485615,0.03553130,-0.00524660,-0.00453230,0.02814653,0.00000065,0.00059615,0.02083185,0.03295325,0.02182616,0.03731305,-0.00299325,-0.00589595,0.00533425,0.04453330,0.02337670,-0.00123580,0.07037045,0.08388145,0.02940290,0.05773375,-0.00171805,0.04203935,0.03427870,0.01493350,0.04377940,0.03553130,-0.01198475,-0.00553115,0.03629074,0.00443875,-0.00384195,0.02173775,0.03028535,0.04578526,0.01626580,-0.00294515,-0.00607260,0.00815795,0.03672855,0.02853440,-0.00123580
2004-11,0.12923454,0.05716479,0.04240608,0.03661896,0.00066333,0.05697729,0.06424238,0.04631841,0.04290370,0.03372094,0.07263926,0.03938337,0.05319265,0.06044756,0.03138491,0.06524495,0.05685532,0.04251363,0.07497736,0.06804268,0.10327923,0.10318070,0.06379580,0.06155911,0.04785941,0.13230348,0.05156856,0.03599145,0.04783145,0.00033730,0.05005941,0.07161117,0.05886909,0.03027453,0.03372094,0.07340676,0.03927065,0.05265534,0.05953149,0.03217911,0.07024296,0.05195106,0.07497500,0.04569586,0.06619061,0.11101959,0.09056080,0.06733849,0.06285461,0.04785941
2004-12,0.07060465,0.02673945,0.04794525,0.05056721,0.05736868,0.04658427,0.03867100,0.04498402,0.03229109,0.04404943,0.02471426,0.04239869,0.03994897,0.03109863,0.03176436,0.04282620,0.03418692,0.02517279,0.01403981,0.03643322,0.03893640,0.03366597,0.03753783,0.00491129,0.02640371,0.06851489,0.02736332,0.04259536,0.05936506,0.05654005,0.05367918,0.02827241,0.04506318,0.03574025,0.04404943,0.02353977,0.04821259,0.03526029,0.03639018,0.02661531,0.04212455,0.02940119,0.01859796,0.03048551,0.03163549,0.05191395,0.02099783,0.04318758,-0.00133955,0.02640371
2005-01,-0.11888673,-0.07108146,-0.05410139,-0.05356173,-0.03358818,-0.00706783,-0.04604607,-0.01321093,-0.03984805,-0.02068728,-0.03683738,-0.01046061,-0.02433088,-0.02581804,-0.03834761,-0.04973715,-0.02703595,-0.00874751,-0.00382433,-0.01916367,-0.01308254,-0.00330422,0.01085950,-0.00869799,-0.01882007,-0.12838240,-0.06461220,-0.05650767,-0.05239313,-0.02957487,-0.01030807,-0.04191735,-0.01060142,-0.04335818,-0.02068728,-0.03466794,-0.01456152,-0.02253885,-0.02836170,-0.03595690,-0.04847896,-0.02350730,-0.00826937,-0.00974844,-0.01853993,-0.02532722,0.02089479,-0.00380170,-0.00466158,-0.01882007
2005-02,-0.05172929,0.02036056,0.02154629,0.00503338,0.01982863,-0.00174549,0.00361136,0.02016766,0.01586543,0.00167917,-0.01336679,0.02406202,0.01231385,0.01267980,0.01207652,0.02082920,0.04055241,0.03613913,0.02661444,0.00993721,0.03092893,0.07082293,0.06774005,0.02834843,0.03847767,-0.05862885,0.02238005,0.02410515,0.00472285,0.02023731,-0.00431068,0.00465808,0.01217428,0.02593133,0.00167917,-0.00567352,0.02280448,0.00577504,0.01582071,0.00896154,0.02299304,0.05316095,0.03513995,0.01124747,0.01109063,0.02343366,0.09808783,0.02948681,0.04937601,0.03847767
2005-03,-0.07212374,-0.00797016,0.02149863,-0.00253070,-0.01477616,-0.00744907,-0.01470205,-0.01118401,-0.01310389,-0.01727426,-0.04033959,-0.00851837,-0.00267630,-0.01296864,-0.04716631,0.01724264,-0.00382010,0.00784444,-0.01597173,-0.02002865,-0.03849536,-0.02615652,0.02365855,-0.01285907,-0.00930958,-0.07947349,0.01611578,-0.00984466,0.00414289,-0.01081538,-0.00729366,-0.01944665,-0.00388702,-0.01625172,-0.01727426,-0.02902307,-0.02436174,0.00264452,-0.02073916,-0.03973568,0.01259709,0.00189938,-0.00275936,-0.00900699,-0.01892863,-0.03579802,-0.02333370,0.01819246,-0.01059435,-0.00930958
2005-04,-0.08544720,-0.07362510,-0.03713230,-0.03982995,-0.01387740,-0.06891835,-0.02624075,-0.03356874,-0.02416315,-0.02187290,-0.02913850,-0.02097165,-0.00586783,-0.00183740,-0.01458540,-0.06226670,-0.01689500,-0.00591342,-0.02829005,-0.00870800,-0.00899685,-0.02936865,-0.04528750,-0.04221400,-0.03364245,-0.08433075,-0.06183690,-0.05695375,-0.03010590,-0.01668465,-0.06823070,-0.03093520,-0.02935105,-0.02935830,-0.01667775,-0.02648575,-0.03539050,-0.00240672,0.00681370,-0.01458540,-0.06093690,-0.02160390,-0.01663832,-0.01263785,-0.01079245,-0.01573485,-0.03774555,-0.04406190,-0.03710410,-0.02486305
2005-05,0.19025829,0.06744805,0.04908239,0.05716613,0.03957177,0.07103912,0.05581879,0.05845967,0.01362399,0.02006850,0.05012590,0.02367269,0.01564172,0.03291253,0.02943751,0.04523872,0.04639382,0.02945680,0.02734613,0.04989072,0.03821922,0.03077596,0.04637398,0.03218636,0.03260660,0.17401048,0.07349385,0.05622635,0.06037304,0.03843155,0.08016435,0.04287723,0.06281655,0.01069755,0.02292316,0.04824460,0.02448766,0.02269272,0.02753876,0.02943751,0.03673458,0.04844532,0.03716783,0.02164158,0.05448227,0.04867668,0.03549629,0.03649108,0.03276299,0.02652017
2005-06,0.03501466,0.01268440,0.01841276,0.00822449,-0.00976764,-0.02197293,0.01159812,0.00056344,0.02248575,0.01427842,0.01722689,0.02804776,0.03024520,0.00073008,-0.01608996,0.02769254,0.02367147,0.02548414,0.02694885,-0.00834933,0.01804160,0.03537120,0.02004464,0.03833439,0.01708067,0.03938157,0.01152720,0.01138602,0.00956896,-0.00737858,-0.02127118,0.01814754,-0.00650151,0.02467044,0.01221382,0.01811297,0.03717938,0.01475901,0.00496088,-0.01608996,0.02345933,0.03248770,0.03595864,0.01903211,-0.01507141,0.01884450,0.03194055,0.03137722,0.03498330,0.01175149
2005-07,0.05089164,0.05018807,0.06367198,0.06787909,0.04648544,0.06606727,0.05802354,0.04654762,0.02763279,0.04324780,0.05627306,0.05066034,0.02585722,0.04967894,0.05509580,0.06635844,0.06333264,0.03318305,0.03375509,0.03083549,0.05807098,0.06444865,0.04780381,0.04676918,0.04666829,0.05312033,0.05815091,0.05445057,0.06981157,0.04323561,0.06685480,0.06075412,0.04280054,0.03144463,0.03939008,0.05284402,0.05262057,0.02288371,0.05372947,0.05509580,0.07301258,0.05487636,0.02923435,0.03617987,0.03469345,0.05828976,0.06528821,0.05617612,0.04794910,0.03602542
2005-08,-0.01966075,0.01241394,-0.01984019,0.02606715,-0.02866799,-0.06182800,0.01419369,-0.02241500,-0.02556558,-0.00959323,-0.02255677,-0.00892752,-0.01650323,-0.02507038,-0.00117649,-0.02058834,-0.01087169,-0.01168344,-0.01298215,-0.01788756,-0.01534228,0.01531019,-0.01378415,0.02455588,0.00424025,-0.04506295,0.03404089,-0.01253953,0.01537580,-0.02070548,-0.05011421,0.00133508,-0.01937348,-0.02341384,-0.01173890,-0.01675608,-0.00802373,-0.02446375,-0.02471292,-0.00117649,-0.00944494,-0.02434709,-0.01157163,-0.01257762,-0.01548485,-0.00359474,0.01055810,0.00869582,0.00973998,-0.01028771
2005-09,0.00190322,0.00921004,0.00916195,0.00777736,-0.03367029,0.00656532,0.04401870,0.01162915,0.00519373,-0.00277627,0.01662867,0.00483056,0.02019395,0.00045787,0.00458224,-0.01597988,0.00760057,-0.00126635,0.01552541,0.00845156,0.00540843,0.00655643,0.04282733,0.04957879,0.03237548,0.00182333,-0.01466788,0.03800476,0.01334134,-0.04151808,0.01388135,0.03984838,0.01000328,0.00382759,-0.00145214,0.01060713,0.01613838,0.01364450,0.00110301,0.00458224,-0.01246542,0.00626506,0.00411443,0.01075066,0.00540201,0.00703425,0.02896971,0.03181368,0.04512347,0.02301411
2005-10,-0.08805980,-0.07251335,-0.02868340,-0.05349420,0.00655685,-0.00808355,-0.03993460,-0.00722016,0.00647400,-0.00019735,-0.01352130,-0.01063525,-0.02427330,0.01342500,-0.00057350,-0.04908274,-0.03261570,-0.01211789,0.00264070,-0.02366970,-0.03982385,-0.05396810,-0.03686240,-0.03289185,-0.03319332,-0.07812190,-0.09525680,-0.01265955,-0.04936050,-0.00079515,-0.00808355,-0.03787900,-0.00302642,0.00026750,-0.00003050,-0.01347170,-0.01828565,-0.01408130,0.00124560,0.00901470,-0.05578640,-0.03141668,-0.01645047,0.00057870,-0.01110380,-0.04376445,-0.06177015,-0.02418345,-0.03413515,-0.03287016
2005-11,0.04367393,0.04701641,0.05860280,0.02444780,0.02679546,0.05292443,0.07374481,0.03216831,0.04445297,0.05714487,0.06476860,0.04962672,0.05425627,0.04027321,0.02031625,0.06005106,0.04456511,0.02955031,0.03699786,0.02752966,0.04858515,0.04464654,0.02269872,0.04283762,0.03290484,0.00857967,0.08190296,0.06067434,0.01933826,0.03038454,0.05292443,0.05428005,0.05702408,0.04546872,0.05130121,0.06129478,0.05743580,0.05117090,0.03844831,0.02105857,0.05926622,0.02842361,0.04082992,0.04242467,0.02664848,0.04368411,0.05688819,0.02817448,0.02710738,0.03654683
2005-12,-0.00360779,0.01603260,-0.00942486,0.00628179,0.00290306,0.00624638,-0.00144901,0.00690392,0.01235343,-0.01703129,0.01708105,0.00358834,0.00509320,-0.00538865,0.00258350,0.01596524,0.02316013,0.02346828,0.01794424,-0.00294247,0.02548670,0.01180561,0.01440231,0.00487885,0.01689922,-0.00433747,0.02340954,-0.01165396,0.00684204,-0.00167432,0.00624638,0.00002839,0.00244765,0.00908470,-0.01119344,0.01159914,0.00886351,0.00263608,0.00189521,-0.00212314,0.02182837,0.02630117,0.01856381,0.01577433,-0.00409281,0.02865612,0.01580316,0.01957099,0.01974825,-0.01077161
2006-01,0.07169655,0.04175932,0.04493897,0.03522490,0.01305765,0.07409463,0.03232614,0.02908813,0.00787864,0.00745369,0.06727791,0.00716911,0.05836289,0.00492071,0.02162520,0.05354710,0.05099284,0.07233468,0.04771082,0.04040506,0.06240605,0.05401203,0.02925852,0.06627308,0.06037206,0.07020546,0.04003788,0.04875948,0.02235490,0.02479486,0.07409463,0.04647152,0.01729069,-0.00102977,0.01245193,0.06562058,0.01248044,0.05239873,0.01533870,0.01357614,0.07451463,0.05965601,0.05410413,0.05740261,0.01855243,0.06495656,0.05320750,0.04897685,0.06299206,0.04124448
2006-02,-0.01322664,-0.00446550,0.02017861,-0.02274362,0.00811170,0.01723239,0.00559954,0.02513611,0.02743403,0.00203551,0.01622354,0.01908150,-0.01179781,0.03723368,0.01685270,-0.00573745,-0.00108185,-0.01733111,0.00046140,-0.00059859,-0.00558253,-0.02808728,0.00109949,0.00242384,-0.01997746,-0.01388105,-0.00776448,0.02284322,-0.01682070,0.00264595,0.01723239,-0.00144832,0.04318549,0.01459107,0.00654388,0.02433327,0.01148254,-0.01337486,0.04094838,0.01355932,-0.02716970,-0.01016846,0.00798169,-0.00109845,0.00634455,-0.03091168,-0.01182773,-0.00561758,-0.01082088,0.01106271
2006-03,0.06004277,0.04250833,-0.00041678,0.02295351,0.01925309,0.02764778,0.03517785,0.02325803,0.02028647,0.00806868,0.02777381,0.02787324,0.03048385,0.00853058,0.00161762,0.02168711,0.00387765,0.02320555,0.00534379,0.01937607,0.02201766,0.01807536,0.01695440,0.01665958,-0.00084795,0.04771755,0.05691541,0.00331264,0.01725672,0.01920842,0.02764778,0.03553787,0.02272810,0.02618779,0.00189874,0.02637623,0.03145398,0.03003146,0.00977492,-0.00112336,0.00838211,0.02599282,0.01981936,0.00937090,0.00877459,0.02266472,0.02935815,0.02316968,-0.00228903,-0.00095723
2006-04,-0.00802158,0.01222190,0.00896555,-0.01710050,0.02018655,0.01823800,0.02078995,0.02551084,0.02742085,0.00730900,-0.00334825,0.01365005,-0.00025555,0.02553565,0.01367795,-0.04000385,0.03536261,0.01691311,0.02321560,0.01210510,0.02640760,-0.00134480,-0.00518280,0.02287250,0.01117011,-0.00741905,0.00512630,0.00607320,-0.00446220,0.01696380,0.01823800,0.02080175,0.02823300,0.02482300,0.00730900,-0.00334825,0.01740275,0.00716775,0.00861300,0.01942460,-0.04481375,0.03133650,0.02337521,0.01916805,0.01844705,0.02666915,-0.02071065,0.01751605,0.01491600,0.01576163
2006-05,-0.01790137,-0.00309949,-0.01133067,-0.02712126,-0.00154751,-0.05873819,-0.02556236,-0.02678974,-0.01846914,-0.03499017,-0.02911993,-0.03803150,-0.02974592,-0.03057823,-0.02299290,-0.04440643,-0.01664558,-0.01807237,-0.04303923,-0.03541448,-0.03920908,-0.02320341,-0.02382324,-0.02571790,-0.04486209,-0.01086435,-0.02312499,-0.00579853,-0.02036030,-0.00008303,-0.05873819,-0.02606526,-0.02120261,-0.02366379,-0.03499017,-0.02911993,-0.03496743,-0.02979614,-0.03279289,-0.02383149,-0.04341948,-0.02978154,-0.01331417,-0.03857831,-0.03416064,-0.03486654,-0.03868615,-0.02051993,-0.03191016,-0.03064419
2006-06,-0.04269138,-0.00995248,-0.00199762,-0.00393413,-0.00262471,-0.00471094,-0.00184222,-0.00604458,-0.00371980,-0.00326738,-0.02421976,0.00044470,0.00743150,0.00589129,0.00139605,-0.00472678,-0.00246184,0.04366419,0.00975413,0.00738869,-0.03448347,0.00828310,0.02095949,-0.00238407,0.00489994,-0.03396426,-0.01774911,-0.00682406,0.00523438,-0.00703661,-0.00471094,-0.00212255,-0.00806716,-0.00159662,-0.00326738,-0.02421976,0.00207686,0.00754010,0.00599061,-0.00037103,0.00461322,0.00548506,0.02168988,0.01900791,0.00346888,-0.03153551,-0.02052399,0.02725945,0.01675035,0.00373238
2006-07,-0.05696517,-0.02890070,-0.02198089,-0.00396030,-0.01979087,-0.05496816,-0.02751419,-0.00746088,-0.01790305,-0.03082395,-0.00820216,-0.03807159,-0.00667572,0.00929102,0.01883945,-0.03723406,-0.01745292,-0.00058896,0.02113925,0.02611517,-0.03261265,-0.00389165,0.02130503,-0.01085767,-0.00614297,-0.04921508,-0.04902209,-0.01523427,-0.00097484,-0.01722431,-0.05496816,-0.02210979,-0.00941077,-0.02097005,-0.03082395,-0.00820216,-0.04496653,-0.00726854,0.01624975,0.01951611,-0.03987393,-0.02843478,0.00798639,0.01556156,0.03480002,-0.02224075,-0.01216333,0.00466014,-0.00925268,0.00725900
2006-08,0.07155724,0.01886535,0.01959182,0.04314909,0.03109905,0.06552378,0.03710283,0.03514015,0.02781100,0.03305876,0.05539560,0.02666791,0.02159688,0.01379995,-0.00117241,0.03935022,0.02808031,0.00816346,0.02111596,0.02960428,0.01389622,0.01991269,0.01794755,0.01275207,0.00470173,0.05207534,0.03345377,0.03284880,0.02649503,0.03596717,0.06552378,0.04573470,0.02794207,0.02644126,0.03305876,0.05539560,0.02683848,0.01931268,0.01357781,0.00108120,0.04697189,0.03930298,-0.00815835,0.02246681,0.02866094,0.00888139,0.04919862,0.00209104,0.00776405,0.00459918
2006-09,0.05759613,0.04117303,0.02616100,0.03741526,0.04495102,0.03017795,0.02620372,0.01056736,0.03196641,0.02607726,0.02429042,0.03390611,0.01029101,0.03396593,0.04776884,0.02717669,0.02291569,0.01654712,0.01454079,0.02044120,0.01711703,0.00766264,-0.01216159,-0.00740389,0.03443675,0.05126434,0.04210794,0.02505948,0.05069894,0.03794761,0.03017795,0.02301371,0.01568477,0.02918989,0.02607726,0.02429042,0.03354704,0.02316569,0.02680711,0.04261228,0.02399328,0.02608130,0.01242435,0.02386442,0.01506252,0.01558855,0.01036959,-0.01384017,0.00463316,0.01981617
2006-10,0.06723755,0.01161430,0.03653468,0.04878925,0.04514195,0.05368315,0.07001958,0.02785930,0.03988421,0.02868300,0.04568110,0.04357725,0.05844026,0.03965515,0.00218880,0.03127735,0.00344226,0.01642415,0.02304567,0.04033950,0.01363870,0.03103765,0.06062558,0.03118845,0.03584765,0.05257645,0.03002620,0.03911642,0.04258580,0.04514195,0.05355700,0.06586142,0.03193570,0.03788616,0.03058115,0.04048330,0.05074180,0.05245005,0.04439650,0.00117140,0.03127735,0.00261811,0.01625790,0.02410033,0.04033950,0.02925415,0.01750895,0.05829179,0.03131880,0.03584765
2006-11,0.03523963,0.04794320,0.05274808,0.02543819,0.01448254,0.02885725,0.01122496,0.03886314,0.00049144,0.01071045,0.04372446,0.02532399,0.03291199,0.02300096,0.01237438,0.02333566,0.03750033,0.02123068,0.00577415,0.02607856,0.03315461,0.01958928,0.03819215,0.00487964,0.01567091,0.03446949,0.03842228,0.05826610,0.03007341,0.01448254,0.01890134,0.04352383,0.01722794,0.00013422,0.01103339,0.04342633,0.01852895,0.04988780,0.01292772,0.01350731,0.02333566,0.03010500,0.02705284,0.00702680,0.02607856,0.03953008,-0.00231547,0.05541523,0.00317496,0.01567091
2006-12,0.02017542,0.00903515,-0.01699252,0.00997231,-0.00065208,0.00941310,0.01315050,0.00799325,0.01347362,0.02599305,0.02469264,-0.00832087,0.00234636,0.00914033,0.01009228,-0.01055647,-0.01529764,0.01041066,0.03244741,0.02667648,0.00190479,0.00142933,-0.01010885,0.00244046,0.01171988,0.02885338,0.00399023,-0.01229052,0.00154919,-0.00065208,0.01214008,0.01421561,0.00400573,0.01029755,0.02897189,0.02520991,-0.00070254,-0.01060606,0.01427183,0.01015332,-0.01055647,-0.01903460,0.02214565,0.02293372,0.02667648,-0.00224977,0.00625072,-0.00908029,0.00110986,0.01171988
2007-01,0.07188834,0.02187180,0.03019393,0.03473115,0.02536300,0.02391455,0.01240753,0.01637982,0.00946877,-0.00239037,0.00632150,0.02626868,0.01264256,0.03139271,0.01184278,0.04153708,0.00493084,0.02990552,0.02197559,0.01469407,0.05254593,0.02801364,0.04959932,0.01634813,0.03113941,0.07579723,0.01969966,0.03477990,0.02844398,0.02536300,0.01776755,0.02740581,0.00763567,0.01317568,-0.00577511,0.00617642,0.02205297,0.02436332,0.02581422,0.00986339,0.04153708,-0.00015881,0.02873307,0.02809704,0.01469407,0.04502200,0.03616416,0.04615453,0.01876197,0.03113941
2007-02,0.00840232,-0.02189809,-0.02100041,0.01628881,-0.01278829,0.00198044,-0.00001068,0.02269068,0.01218679,-0.02418421,0.01978709,-0.00622503,0.00293018,-0.01148071,-0.01549165,-0.00886578,-0.00589871,0.00639958,-0.00769846,-0.01864894,0.00879360,-0.00850384,-0.01093925,-0.00251686,-0.03445677,0.00340820,-0.00872258,-0.03305851,0.02180345,-0.01278829,-0.00490934,0.00674564,0.02324423,0.00960182,-0.02167590,0.01898891,-0.00360612,0.00665210,-0.01460221,-0.01745392,-0.00886578,-0.01629683,0.01572278,-0.00815026,-0.01864894,0.00904239,-0.00175416,-0.01556387,-0.00487999,-0.03445677
2007-03,0.02724883,-0.01430155,-0.01333167,-0.02711204,-0.00954529,0.00604249,0.00651933,0.00336196,-0.00672045,0.00262568,0.01744977,0.00106447,0.01330959,0.01905626,0.02181340,0.02504635,0.02258213,0.02544659,0.02007638,0.01230429,0.01816491,-0.00706606,0.00826882,0.01265628,0.03557114,0.03211271,0.00173301,-0.03378912,-0.02953686,-0.00954529,0.00081092,0.01223407,0.00248537,-0.00620714,0.00208459,0.01242673,0.00553448,0.01190179,0.02278474,0.02091040,0.02504635,0.01940188,0.02819853,0.02033938,0.01230429,0.01035392,-0.00239565,0.01239990,0.01173353,0.03557114
2007-04,0.04633660,0.04114900,0.07396232,0.10238685,0.04528700,0.03644500,0.06755295,0.05775030,0.03865158,0.04295055,0.05998225,0.03229679,0.02123442,0.03209753,0.04994795,0.04228450,0.04861068,0.03328595,0.02555056,0.05130665,0.02680821,0.00793975,0.02110437,0.03152865,0.04767455,0.04308865,0.05581930,0.06224189,0.10243980,0.04494610,0.03442585,0.07497695,0.05133250,0.03451958,0.04826010,0.05973470,0.03094979,0.02951489,0.03213084,0.04357705,0.05578610,0.03462084,0.04124295,0.02117795,0.04807700,0.02742921,0.01211555,0.01835142,0.03100920,0.04604355
2007-05,0.02081822,0.03589238,0.03404884,0.04069675,0.03951549,0.07028150,0.04562017,0.06265611,0.03027873,0.06305924,0.03161762,0.05145033,0.03424104,0.03025396,0.03890655,0.00368892,0.02147075,0.00660993,0.01912506,0.04023436,-0.00300883,0.02748078,0.01494394,0.01978716,0.03163886,0.02264001,0.03133771,0.04624036,0.02613478,0.04582297,0.07401705,0.04714540,0.05547725,0.03924015,0.05669125,0.03402572,0.04219827,0.03170989,0.03987158,0.03852902,0.01146230,0.01173456,0.01175447,0.01250494,0.04257367,0.00937591,0.01070503,0.01886207,0.01872705,0.03372407
2007-06,0.00523217,-0.04970273,0.02249578,0.00373489,-0.01989299,-0.00950806,-0.00001418,0.00911393,-0.04238113,0.00663941,-0.00243623,-0.00662643,-0.03379350,-0.03574447,-0.02480829,-0.02900760,-0.01834020,-0.01164978,-0.01477221,-0.00368013,-0.02788387,-0.04189179,-0.04771627,-0.03666460,-0.02600358,0.01484942,-0.03033258,-0.00313680,-0.00474622,-0.01440658,-0.00691721,-0.00086859,0.00270326,-0.03272540,0.00270593,-0.00278670,-0.00419111,-0.03941553,-0.03661606,-0.02068771,-0.01754473,-0.03163652,-0.00952737,-0.00935701,-0.00926460,-0.03379770,-0.04778889,-0.03603398,-0.03377355,-0.02865139
2007-07,-0.07198251,-0.08513784,-0.01624408,-0.00382486,-0.03447335,-0.05827582,-0.05665397,-0.00446890,-0.02954221,-0.01435248,-0.06739633,-0.04603412,-0.04117382,-0.05357795,-0.05196537,-0.05996249,-0.03839279,-0.05385231,-0.03715409,-0.02373295,-0.07458904,-0.01787508,-0.05415244,-0.03839169,-0.04091783,-0.08506500,-0.04008277,-0.03065950,-0.02507156,-0.02625856,-0.05965724,-0.05231303,-0.00885644,-0.02441814,-0.01613156,-0.07179672,-0.03841922,-0.04824810,-0.04906231,-0.05268891,-0.03962147,-0.06750247,-0.03623903,-0.04904777,-0.02257883,-0.07180527,-0.02367322,-0.05162857,-0.03630145,-0.04160391
2007-08,-0.02765286,-0.02123814,0.00734013,0.00907898,-0.00388202,-0.04917751,0.00221605,0.00549785,0.01169368,0.02869333,-0.02318987,0.01230383,0.01087607,-0.01389839,0.00243457,-0.02194139,-0.00609678,-0.00600267,0.01302204,0.02148331,0.01449093,-0.01040848,0.02680859,0.02083281,0.02433515,-0.02270643,-0.01380617,-0.00126638,0.00806745,-0.00413389,-0.04837563,0.00750105,-0.00962022,0.01603431,0.03508820,-0.02680312,0.01169111,0.00646876,-0.01077970,0.00779065,-0.02069532,-0.00780327,0.00347952,0.00772286,0.01879382,0.00234726,0.00529982,0.02339637,0.01597564,0.02717771
2007-09,-0.02492142,0.00772830,0.02450027,0.06498159,0.04954442,0.00738696,0.01693895,0.05009254,0.01855283,0.02577914,-0.00604038,0.02500611,0.01284521,0.03763555,0.01979577,0.01341067,0.02533674,0.04305896,0.03447239,0.06339986,0.02176575,0.02796447,0.03105589,0.04277119,0.03141858,-0.01240310,0.02033340,0.01637947,0.05271432,0.04956313,0.00742778,0.02742640,0.05101135,0.02509296,0.01170898,-0.00455473,0.02385238,0.02572462,0.02567753,0.01867105,0.01718678,0.02053053,0.04750109,0.04500301,0.05150460,0.01582148,0.03871675,0.02595706,0.03787798,0.03578853
2007-10,-0.00532365,0.00041545,-0.04080437,0.01053785,-0.01723635,0.00620325,0.00903315,0.00575711,0.00939560,-0.01219635,0.01287530,0.02310985,0.02310463,0.04635175,-0.00410665,0.03647425,-0.02772963,0.02795563,0.03956153,0.04498925,-0.00164555,0.00775355,0.01799047,0.04229245,0.04009990,-0.01142320,0.02036435,-0.05041374,0.00464005,-0.01605900,-0.00204260,0.01684945,0.01842858,-0.00509060,-0.00931850,0.02569645,0.01690275,0.02003374,0.04730615,-0.00875775,0.03116590,-0.01421605,0.02002979,0.04924289,0.03579195,-0.00963380,0.00731915,0.02190721,0.04756545,0.03952865
2007-11,-0.05583179,-0.11846602,-0.09044433,-0.05667104,-0.05687758,-0.08911327,-0.03636377,-0.06699284,-0.05957313,-0.03242037,-0.08365933,-0.03296882,-0.01649102,-0.02302123,-0.02589794,-0.04241469,-0.02914960,-0.02642813,-0.01037730,-0.05749509,-0.06100472,-0.03427577,-0.01718178,-0.02218932,-0.05854304,-0.04536112,-0.08970827,-0.10956690,-0.06786951,-0.06730872,-0.09437244,-0.03243822,-0.07048996,-0.05584630,-0.03166778,-0.08253336,-0.02376804,-0.03207423,-0.01857734,-0.02554959,-0.04444116,-0.03527087,-0.01851368,-0.01012167,-0.05815947,-0.06540066,-0.02387971,-0.03959106,-0.01414908,-0.05252995
2007-12,-0.03755276,-0.02842939,-0.03055025,-0.04394322,-0.04535544,-0.01707170,-0.00198536,-0.01415129,-0.03736560,-0.02538349,-0.01067422,-0.00415300,-0.03661129,0.02567287,-0.01146957,-0.05961277,0.01769851,-0.01351607,-0.00041811,-0.00846577,-0.03090140,-0.01093719,0.00071633,0.01739364,0.00810214,-0.05856900,-0.01055309,-0.02785652,-0.04337464,-0.04524059,-0.01485357,0.00128575,-0.01401667,-0.04702418,-0.02152237,-0.02046475,0.00094340,0.00023406,-0.00473590,-0.00984482,-0.05128863,0.02668460,-0.03021422,0.00095775,-0.00986217,-0.02994402,-0.01914021,0.02007325,0.01235841,0.00235125
2008-01,0.02267610,0.01336405,-0.03709966,0.00473566,0.00504366,-0.02471290,-0.02141391,-0.05944258,-0.03165984,-0.04858606,-0.04821664,-0.05139734,-0.02759550,-0.04889360,-0.04176936,-0.01564857,-0.09236164,-0.08930417,-0.05828964,-0.09643864,-0.07281624,-0.07005741,-0.09649495,-0.07013906,-0.09927194,-0.00196329,0.04413222,-0.04998676,0.01361482,0.00031324,-0.02779576,-0.02464229,-0.05007463,-0.03545966,-0.04731650,-0.04132252,-0.04311619,-0.04573061,-0.04197094,-0.04742316,-0.03827021,-0.09692740,-0.06574598,-0.05955749,-0.09562992,-0.07366352,-0.09166244,-0.09505769,-0.06552773,-0.08473861
2008-02,-0.08958573,-0.05887626,-0.03567746,-0.00765008,-0.05696066,-0.02234673,-0.06489585,-0.02564541,-0.04498470,-0.03402548,-0.03540131,-0.03308673,-0.03369338,0.00959086,-0.02312305,-0.03682764,0.00812540,-0.01006351,-0.00709729,-0.04622638,0.00194369,-0.02047892,-0.02908530,-0.02145892,-0.00681183,-0.07722394,-0.05762359,-0.03943459,-0.02567843,-0.04665911,-0.02186970,-0.05509796,-0.03657473,-0.03930945,-0.03985796,-0.02153684,-0.04117416,-0.02039475,-0.00217150,-0.02736379,-0.03867898,0.02102457,-0.02172811,-0.01151302,-0.04217110,0.00568005,-0.01780472,-0.01354340,-0.04351845,-0.00171967
2008-03,-0.00823593,-0.03128617,-0.01839752,-0.06174673,-0.03270547,-0.01265468,-0.01187300,-0.00805041,-0.01033540,-0.05443545,0.01113737,-0.02602371,-0.01433616,0.02320567,0.01198621,-0.00204030,0.00362371,0.01306888,0.00121917,-0.01010984,0.00052828,-0.00261755,-0.01068890,0.01010139,-0.00337496,-0.01012764,0.00149306,-0.05689474,-0.06006028,-0.03419773,-0.02207075,-0.00417202,0.00241113,-0.01986414,-0.05342466,-0.00005268,-0.01761335,-0.01102496,0.02597221,0.00828897,0.00169570,-0.00262871,0.01615430,-0.00698433,-0.00164240,0.00787517,-0.01527344,-0.01197699,0.01634900,-0.00344817
2008-04,0.03659600,0.03207860,0.08049045,0.04685435,0.05595505,0.02829300,0.06981655,0.05301737,0.08079480,0.05025575,0.05575715,0.02211035,0.03170174,0.03369445,0.02855955,0.05641985,0.05200926,0.05616884,0.03912985,0.02901040,0.07964330,0.11092660,0.06195726,0.06178440,0.06531020,0.06652600,0.00863500,0.07355245,0.06812975,0.03513125,0.05351405,0.05152020,0.03546237,0.08421415,0.05658895,0.04872075,0.03149690,0.01485826,0.04372150,0.03218365,0.06497653,0.05723490,0.03290047,0.04426560,0.03284565,0.09271040,0.10333505,0.06337089,0.05989970,0.06037640
2008-05,0.00739578,0.01940992,0.02835745,-0.00219955,-0.02979773,0.02491288,0.00903748,0.03416431,0.00475545,-0.01417589,0.04873014,0.03349796,0.01867275,0.01592176,0.00343177,0.05896186,0.04198396,0.05379366,0.05442456,0.02160154,0.03112662,0.04970947,0.04948871,0.03060699,0.04781626,0.01042824,0.02749356,0.01392882,-0.00504488,-0.02303706,0.04865144,0.00672579,0.02095664,0.00355691,-0.02184784,0.04837525,0.03739022,0.03267256,-0.00220804,0.00530887,0.05362469,0.05310640,0.03865189,0.05751365,0.02770793,0.05406970,0.03998766,0.04470570,0.02413920,0.04549733
2008-06,-0.17897991,-0.14052382,-0.17828418,-0.13249615,-0.15187244,-0.12882088,-0.10898853,-0.12243422,-0.12695700,-0.13532628,-0.06845373,-0.10844877,-0.08843289,-0.07612856,-0.10726043,-0.08969657,-0.08051395,-0.06748456,-0.06739064,-0.08982559,-0.07321751,-0.05088229,0.00344555,-0.04205557,-0.04636144,-0.17194735,-0.15004269,-0.16224225,-0.14320908,-0.15595116,-0.10280778,-0.09045219,-0.17100664,-0.12480321,-0.13661463,-0.06354278,-0.09438541,-0.09753486,-0.09244107,-0.10124312,-0.09216530,-0.07437506,-0.07206390,-0.06455919,-0.09233931,-0.05997192,-0.05434018,-0.00776929,-0.04239324,-0.04449170
2008-07,-0.01441780,0.00981176,-0.07047967,0.00428918,0.01271210,0.06911250,-0.00953466,-0.00984273,0.01170399,0.00581132,0.01566009,0.03483345,-0.00609945,0.00836612,0.03981328,-0.01013108,-0.00325744,-0.00143668,-0.01009147,0.01240073,-0.05404914,-0.05100519,-0.06111740,-0.07887676,-0.05864580,-0.00835798,-0.00773228,-0.03129916,-0.02264092,0.00959422,0.04743948,-0.01044309,0.01247273,0.01098237,0.00430145,0.04023023,-0.01841711,0.01108939,0.01452726,0.04389761,-0.01839287,-0.02984802,0.02918077,-0.01173938,0.02054109,-0.08444075,-0.05094644,-0.07885774,-0.04600323,-0.04248330
2008-08,0.08563248,0.06773539,0.03890800,0.04388130,0.03542669,0.14797736,0.02795565,0.04473627,0.01126812,-0.00712778,0.04779861,0.03284837,0.02935945,0.01872949,0.03398649,0.01562368,0.01221900,0.01745084,-0.00047179,0.02019476,-0.01329851,-0.00965175,-0.02763661,0.01463805,0.00613051,0.06239541,0.08021229,0.04750592,0.04018082,0.03934650,0.06089463,0.07402322,0.07734425,0.02509168,-0.00642726,0.03292791,0.05307880,0.02456427,0.01967750,0.03347421,0.01340655,0.00461867,0.02379837,0.00391244,0.01949326,-0.01843958,-0.00008480,-0.01796914,-0.00379578,0.00955254
2008-09,-0.12843239,-0.11631712,-0.09243654,-0.14691411,-0.15755278,-0.13225098,-0.05415742,-0.07717020,-0.04234405,-0.14715587,-0.07884254,-0.06629189,-0.05276685,-0.06738851,-0.03791722,-0.14598638,-0.07699412,-0.09190699,-0.12644420,-0.06050969,-0.13853075,-0.16513065,-0.14594406,-0.12407507,-0.10582725,-0.12019197,-0.09013312,-0.11664142,-0.14244446,-0.17639578,-0.08704123,-0.09183044,-0.09491420,-0.03785594,-0.14996823,-0.07947676,-0.06256931,-0.07606204,-0.05361174,-0.03310885,-0.14712484,-0.09509653,-0.07996124,-0.12418924,-0.05929359,-0.16512490,-0.15673957,-0.16539053,-0.09970017,-0.09643146
2008-10,-0.30096826,-0.20987175,-0.25916278,-0.27762905,-0.14007090,-0.21718575,-0.23813010,-0.23356921,-0.30490589,-0.19037530,-0.21593385,-0.17882845,-0.21546611,-0.20936630,-0.19812200,-0.23883953,-0.18349565,-0.15914353,-0.17215365,-0.19055900,-0.21301755,-0.20817480,-0.19626584,-0.18095295,-0.11209960,-0.25837784,-0.28691270,-0.31292111,-0.17519674,-0.15065445,-0.22752880,-0.23000920,-0.19692158,-0.32135295,-0.20734370,-0.19046785,-0.20665980,-0.23356316,-0.21302750,-0.17490325,-0.24329274,-0.18184840,-0.16928353,-0.16473610,-0.18576025,-0.22394470,-0.20313680,-0.19604968,-0.16953960,-0.11782915
2008-11,-0.19322892,-0.16695724,-0.14537915,-0.18291150,-0.12181168,-0.17768045,-0.11878583,-0.08603306,-0.09019259,-0.07139990,-0.07270997,-0.05496979,-0.08763908,-0.07643860,-0.07789446,-0.09851216,-0.06773026,-0.09110930,-0.06728006,-0.07972133,-0.05152680,-0.06626372,-0.07827663,-0.07987427,-0.05961419,-0.19389066,-0.14225421,-0.20920867,-0.16302602,-0.10797494,-0.14441609,-0.13814529,-0.10273942,-0.10204879,-0.05991726,-0.06136705,-0.06391862,-0.08790369,-0.08346658,-0.07306558,-0.09610811,-0.06809625,-0.09801240,-0.05062118,-0.09224439,-0.08297105,-0.05142477,-0.07880883,-0.06858706,-0.05358314
2008-12,0.07215068,-0.01855184,0.03049926,0.07891713,0.01647021,0.06714270,0.02666520,0.04996552,0.04370948,0.01947821,0.03635906,0.06945199,0.05552909,0.07815448,0.04413421,-0.00544197,0.04587018,0.03817148,-0.01811991,0.00216226,0.02639589,-0.01262418,0.03001694,-0.02378294,0.00272341,0.05531936,0.02870633,0.10620743,0.00927842,-0.00929253,0.06491098,0.02907458,0.06808747,0.03701386,0.00677165,0.01749210,0.08921666,0.05177311,0.08379332,0.04370298,-0.00444115,0.04765985,0.04686725,-0.03158488,0.00674591,0.01890192,-0.00900150,0.01727990,-0.01680992,0.00992843
2009-01,-0.06109347,-0.10427061,-0.16033499,-0.17142927,-0.08511317,-0.15125236,-0.08169482,-0.11078688,-0.11341583,-0.09088516,-0.02940526,-0.05400528,-0.05504585,-0.08212999,-0.07405503,-0.09299358,-0.06932938,-0.02266131,-0.07707657,-0.07016589,-0.06303664,-0.08724379,-0.01488578,-0.02517640,-0.02262922,-0.09294063,-0.06434814,-0.16260680,-0.19039012,-0.08021407,-0.09266153,-0.11654028,-0.12458198,-0.11427686,-0.09850500,-0.02396391,-0.06454229,-0.04709572,-0.07568532,-0.08029305,-0.09817957,-0.05680825,-0.02587407,-0.10308607,-0.04880435,-0.05617443,-0.08128395,-0.04339356,-0.01786173,-0.01930602
2009-02,-0.14105937,-0.17168443,-0.10550314,-0.15943327,-0.16821547,-0.16377310,-0.06747615,-0.14348177,-0.16572772,-0.09589098,-0.05499819,-0.10543494,-0.12120275,-0.08507952,-0.10926783,-0.09151571,-0.08731858,-0.11525314,-0.12458594,-0.07135899,-0.12478045,-0.06662451,-0.06971376,-0.11844644,-0.08047161,-0.11577136,-0.17731443,-0.17146323,-0.09679466,-0.18241219,-0.12695971,-0.10893756,-0.13484561,-0.15722646,-0.10247154,-0.05375706,-0.10079778,-0.12035960,-0.08591874,-0.11376078,-0.09648049,-0.08499862,-0.11464874,-0.11383935,-0.08229789,-0.11104479,-0.08215750,-0.07476649,-0.10637775,-0.08561824
2009-03,0.21998607,0.10023052,0.16916912,0.14183695,0.13391577,0.14417872,0.13840542,0.14505485,0.10473970,0.15036876,0.13702197,0.06426289,0.08004373,0.08358728,0.10902789,0.03440460,0.09356959,0.05756712,0.06140958,0.09830673,0.07443408,0.09412650,0.05093620,0.06732845,0.04218944,0.21177405,0.08646507,0.14299039,0.17371725,0.15146372,0.13149559,0.13209123,0.14139637,0.10178545,0.17164862,0.10182390,0.10890351,0.07138527,0.07161889,0.12020816,0.05733780,0.06953261,0.06531725,0.06721831,0.09050126,0.08857051,0.08165099,0.05721400,0.06944542,0.03620562
2009-04,0.49178430,0.34018840,0.30269645,0.22416725,0.19524325,0.40610020,0.32192095,0.27011958,0.21475610,0.10840715,0.43958740,0.14267260,0.17146795,0.13180430,0.09429365,0.26227975,0.09951475,0.13133211,0.10878450,0.10824920,0.06731190,0.05851925,0.04498284,0.01786050,-0.00130420,0.31957905,0.36115200,0.41679055,0.22578740,0.23077065,0.35367165,0.27267920,0.31834832,0.23862765,0.14038860,0.30551010,0.17318170,0.18322226,0.17256865,0.14593090,0.16852485,0.12367380,0.16638684,0.12990320,0.12342435,0.05326405,0.05985150,0.04711489,0.01617075,0.01107570
2009-05,0.08019633,0.08352477,-0.00524707,0.06678501,0.02542543,0.12106341,0.03283750,0.03586971,0.09652732,0.07282708,0.09050426,0.01601402,0.11247324,0.09595063,0.06119237,0.24178731,0.04991643,0.06895735,0.03962309,0.07451304,0.01535043,0.02380948,0.01103976,0.05063486,0.03383530,0.07616105,0.05886981,0.01477201,0.04097389,0.06914319,0.06992242,0.05123814,0.08208122,0.06896482,0.09366232,0.00382583,0.06830398,0.08002926,0.11487327,0.12176647,0.11176233,0.02401948,0.21555824,0.07808160,0.06769276,-0.00963216,0.02955368,0.01697348,0.04528537,0.05350155
2009-06,-0.08774836,-0.02740283,0.02460357,-0.01683691,0.00251274,0.02648186,-0.02523782,0.04152722,-0.02655841,0.02539332,-0.02112724,-0.03794379,0.00308773,-0.03416694,-0.00271439,-0.01714503,-0.02183611,0.00184676,-0.01514782,-0.01453423,0.00429730,-0.00204709,0.03060919,-0.00100858,0.02385676,-0.04904691,-0.05496992,-0.00386110,-0.00423645,-0.00637023,-0.00030221,0.01972411,0.02212994,0.00195649,-0.00362579,0.04452403,-0.03170007,-0.01965630,-0.03873071,-0.04905081,-0.04200187,-0.00087699,0.03243083,-0.04878893,-0.01117598,0.03482124,-0.00826932,0.01125075,0.01424957,0.00180269
2009-07,0.28765531,0.20210305,0.10744895,0.11486219,0.12046555,0.10545713,0.09617526,0.12183879,0.12942239,0.09547623,0.12980649,0.08087269,0.07287026,0.06068830,0.06423479,0.09208005,0.06972248,0.07785795,0.05150937,0.05315208,0.06038031,0.08457694,0.04844857,0.05862659,0.05150664,0.17619229,0.26619801,0.17624486,0.10381059,0.12361711,0.08099791,0.05942078,0.16259175,0.14860072,0.09772830,0.13209666,0.09075557,0.05453815,0.08090644,0.05714676,0.07319671,0.10316057,0.04516801,0.07682452,0.05862376,0.05295715,0.08356510,0.06480477,0.04106711,0.06278776
2009-08,0.14391142,0.08298106,0.03467845,0.03297637,0.05124560,0.05036001,0.09865262,0.03355685,0.04178368,0.04736466,0.19201899,0.08501059,0.04028957,0.06717799,0.02730980,0.16954449,0.07624317,0.03259515,0.05501795,0.02760410,0.03506440,0.02296676,0.00221448,-0.00072667,0.01211371,0.11804755,0.08469957,0.07009272,0.04178185,0.04886011,0.07510900,0.02362108,0.07033295,0.03720068,0.06275780,0.10113871,0.10080920,0.05513874,0.05842539,0.13153328,0.08263052,0.06000608,0.12208000,0.09040901,0.03255304,0.03181593,0.01033405,0.01643574,0.00038689,0.01396193
2009-09,0.15930929,0.03505110,0.05002274,0.07774607,0.04355931,0.10903146,0.10634504,0.05176044,0.03027959,0.03382090,0.07486515,0.06156514,0.05095467,0.05846285,0.02804221,0.06245888,0.03837444,0.05983172,0.03316514,0.02804365,0.03110085,0.04611348,0.03776039,0.05180602,0.02019660,0.10404067,0.10655921,0.04632285,0.07696367,0.05415078,0.10562380,0.09871165,0.08751201,0.01475420,0.03261243,0.07949892,0.05723397,0.06908647,0.06262912,0.01420976,0.03185449,0.06406274,0.05296021,0.05172451,0.02922816,0.02831125,0.04403796,0.04527050,0.04455230,0.02573581
2009-10,-0.03354355,-0.02945585,-0.04088510,-0.02762300,-0.01472415,-0.08500810,-0.02215035,-0.03555085,-0.05073400,-0.03777515,-0.04565505,-0.05270650,-0.02653200,-0.02739560,-0.02200155,-0.05844400,-0.04680485,-0.04115500,-0.02511530,-0.00169820,-0.04409040,-0.03255380,-0.03858410,-0.01033390,0.00362805,-0.02943385,-0.01808405,-0.05403120,-0.01790090,-0.02678165,-0.07902495,-0.02675285,-0.03239780,-0.04290310,-0.05013975,-0.04934110,-0.05534880,-0.02450780,-0.01822725,-0.02686575,-0.05553570,-0.04868190,-0.04131290,-0.02598865,-0.00169820,-0.04208390,-0.03602600,-0.04215775,-0.00409235,0.00242585
2009-11,0.08826048,0.03014618,0.04422590,0.04441388,0.06738212,0.04758269,0.04667683,0.05159143,0.06930650,0.10717451,0.03148387,0.04468243,0.04213880,0.05833161,0.06852614,0.07224361,0.05404464,0.05696943,0.06270738,0.03719967,0.01244017,0.03422110,0.04354846,0.06295085,0.06654230,0.07338133,0.04919118,0.03969395,0.05193014,0.06008930,0.05294343,0.03073458,0.07023253,0.07558190,0.09357799,0.02414185,0.05695298,0.04472770,0.04722099,0.07234715,0.06843345,0.06339218,0.04688206,0.06715477,0.03719967,0.02260287,0.02519349,0.05440411,0.04627395,0.07192356
2009-12,0.05445535,0.05378166,0.06402995,0.04123679,0.00884813,0.09412867,0.05481152,0.05638896,0.02166889,0.00437265,0.09734345,0.06232054,0.03113817,0.04104544,0.02039188,0.07274252,0.05704215,0.02927868,0.01759435,0.01235355,0.08260990,0.06381636,0.06131091,0.03432580,0.02894451,0.05510289,0.05390687,0.05715280,0.04818263,0.00719897,0.09372754,0.07732108,0.03333810,0.01591789,0.01039873,0.09900954,0.05340557,0.04306181,0.04285008,0.01436091,0.07536208,0.05051814,0.03436327,0.01636490,0.01235355,0.08687102,0.06010250,0.06552876,0.02304945,0.03579322
2010-01,0.00458603,-0.04485037,-0.01824254,-0.01470650,-0.03601197,-0.02767477,-0.05243306,-0.04508854,-0.02409113,-0.02972945,-0.03999447,-0.03136946,-0.01938348,-0.04747562,-0.03638784,-0.03598805,-0.04032866,-0.02021976,-0.04845857,-0.02876890,-0.00812453,-0.03120118,-0.05093636,-0.03584459,-0.03733338,0.00637833,-0.03937238,-0.01110812,-0.03783761,-0.02574333,-0.01820977,-0.06820844,-0.03531966,-0.01793590,-0.03920883,-0.03824361,-0.02097158,-0.03031083,-0.05282417,-0.03240078,-0.03401861,-0.04081181,-0.02361553,-0.04655491,-0.02876890,-0.01227431,-0.03929719,-0.02924695,-0.05080124,-0.03204184
2010-02,0.05490068,0.02619277,0.06026011,0.01596078,0.03865496,0.05671136,0.05526486,0.06890141,0.00964082,0.04349921,0.05157401,0.06632993,0.03322796,0.02654584,0.01897870,0.04712749,0.04976036,0.03616341,0.03012140,0.01622172,0.06271709,0.04992882,0.04886336,0.03937275,0.03249455,0.04561997,0.01879338,0.06876788,0.03178629,0.03287661,0.05861983,0.05302613,0.06585648,0.00959550,0.04710277,0.05473806,0.06538031,0.03238250,0.01802516,0.02574769,0.04909387,0.04161108,0.03393336,0.03882571,0.01622172,0.04901364,0.05948992,0.05727246,0.03954719,0.02793600
2010-03,0.08124486,0.07771307,0.05630463,0.02482570,0.06469668,0.10708681,0.07369573,0.07297261,0.06770930,0.06234026,0.11872561,0.08592041,0.10429664,0.06189395,0.08674683,0.08935631,0.05840453,0.06996733,0.05065399,0.04879761,0.07026570,0.06071007,0.05466837,0.04687250,0.05218157,0.07421267,0.08771534,0.04153456,0.05306649,0.04803446,0.09777119,0.07987640,0.06965640,0.06782780,0.06858099,0.11225716,0.09557590,0.09358120,0.07623782,0.07984773,0.08975076,0.06257211,0.06510497,0.04910130,0.04879761,0.06762294,0.05265820,0.06763125,0.04363584,0.05251136
2010-04,0.06466775,0.04255015,0.03594185,0.00479415,-0.00863585,0.02173460,0.01028140,0.03944780,0.02761990,0.01939170,0.01768132,0.05271900,0.04365226,0.02662995,0.00363070,0.05169915,0.05969725,0.03848380,-0.00068630,0.02259560,-0.00516232,0.03873800,0.02918953,0.04183540,0.01422180,0.07624630,0.04065730,0.03337205,-0.00363835,-0.00731925,0.01644905,0.00963925,0.04983405,0.03245380,0.01009925,0.01377153,0.04953770,0.04655863,0.02854985,0.00584535,0.04412845,0.06437550,0.03464160,0.00980610,0.01883785,-0.02320895,0.07150110,0.02654453,0.03176580,0.01118535
2010-05,-0.06997481,-0.07254474,-0.08380234,-0.07341551,-0.09005915,-0.05250473,-0.07783770,-0.04868876,-0.07226633,-0.07981121,-0.08365047,-0.05709004,-0.07115898,-0.07305778,-0.07390349,-0.09426371,-0.05980512,-0.06502999,-0.09335630,-0.07999193,-0.08862910,-0.03143402,-0.06782365,-0.08651650,-0.09731664,-0.08521403,-0.06715500,-0.07445896,-0.07833163,-0.08402261,-0.07348817,-0.06363846,-0.05801913,-0.05834281,-0.07763486,-0.09343730,-0.07004625,-0.05539194,-0.06887037,-0.07087260,-0.08476412,-0.06153358,-0.07966702,-0.09425991,-0.07216663,-0.09143565,-0.04382710,-0.07702765,-0.07568219,-0.08804561
2010-06,-0.08736868,-0.05971523,-0.04663400,-0.01570176,-0.03819219,-0.03685141,-0.05579940,-0.05055785,-0.04270474,-0.05585410,-0.07035940,-0.04766783,-0.05510609,-0.04793842,-0.05801339,-0.12042624,-0.06502548,-0.07725190,-0.06000890,-0.05342676,-0.10779000,-0.08788579,-0.07071119,-0.04545727,-0.07652622,-0.09159602,-0.05290801,-0.04257323,-0.03839454,-0.02206674,-0.06442321,-0.04020351,-0.04770399,-0.03805678,-0.05141929,-0.07512532,-0.05402670,-0.05101245,-0.04941414,-0.04962952,-0.12938670,-0.07506584,-0.05748842,-0.06800927,-0.04609033,-0.11956577,-0.08757773,-0.04564794,-0.06820221,-0.06509990
2010-07,0.07082003,0.05932425,0.04462195,0.05877464,0.07796794,0.06421824,0.08255999,0.06984387,0.05329584,0.06410895,0.07997937,0.07259875,0.08980226,0.04880585,0.07481319,0.07852055,0.07211261,0.08510667,0.08041127,0.08053157,0.11122466,0.05924248,0.05412913,0.07933334,0.09420590,0.08267365,0.04506575,0.04821231,0.07216755,0.06361739,0.06476729,0.07719566,0.08042700,0.04396143,0.06752502,0.09114725,0.07899388,0.07899609,0.06849213,0.04848792,0.08295965,0.07047303,0.08510354,0.09240050,0.06669337,0.08605009,0.08914892,0.07025656,0.06046329,0.08888300
2010-08,-0.06417267,-0.05640568,-0.05388496,-0.00652332,-0.03968796,-0.05474789,-0.02290972,-0.03859650,-0.03864716,-0.03949058,-0.06217510,-0.03482793,-0.03328533,-0.04608574,-0.04738492,-0.05532845,-0.05983006,-0.04342393,-0.05423253,-0.05813992,-0.08232432,-0.04914459,-0.03994841,-0.03836716,-0.05460500,-0.06009063,-0.07294574,-0.04265138,-0.02305080,-0.02090004,-0.06831030,-0.01257424,-0.05579662,-0.02797452,-0.03008036,-0.06417049,-0.04302336,-0.03236226,-0.04704032,-0.03725900,-0.07538075,-0.03053157,-0.06338950,-0.04788673,-0.05549043,-0.10578169,-0.05987295,-0.01113834,-0.04437152,-0.04436864
2010-09,0.12235790,0.06581036,0.08122519,0.06091573,0.06841253,0.07761170,0.08201090,0.09059861,0.07718614,0.07189198,0.11423218,0.10674730,0.08598406,0.09848986,0.08798639,0.13745906,0.10394104,0.13499190,0.10991538,0.11391813,0.13033650,0.13670728,0.12247458,0.11374600,0.11342038,0.10292372,0.08107393,0.07902225,0.06962918,0.06534114,0.08010901,0.08175743,0.10944705,0.06128195,0.06712499,0.11558950,0.10776241,0.08417765,0.09766585,0.08903105,0.15120269,0.09510377,0.13726180,0.11256919,0.10701045,0.15457218,0.12525558,0.10521279,0.12469390,0.11076654
2010-10,0.01737330,0.00909950,0.01101980,0.03135730,0.02653620,0.04585265,0.06722505,0.03143732,0.03865830,0.05643030,0.01445465,0.03811175,0.06053440,0.04280395,0.03396510,0.03705425,0.05427265,0.02528311,0.03703855,0.02776595,0.01647135,0.03231365,0.05008595,0.04656565,0.04816730,0.02784885,-0.00773030,0.01631535,0.02931170,0.02964050,0.06014970,0.05050860,0.03398405,0.05002150,0.04506710,0.01899435,0.03465860,0.05823775,0.04366115,0.03431800,0.04010725,0.04801460,0.03105484,0.03179650,0.03072990,0.01055235,0.02970855,0.05808745,0.04118805,0.05406750
2010-11,-0.01966467,0.01805235,0.00451302,0.01485485,-0.01609379,0.05476076,0.00101879,0.00736885,0.00044931,-0.00546984,0.01943635,0.01557274,0.02782416,-0.00952126,0.00479307,0.01215556,0.00849794,0.01619789,-0.01372395,-0.00079322,-0.00697432,0.05525501,0.00817173,0.01377561,0.00661527,-0.00620541,-0.00901360,0.01094400,0.00172775,0.00387908,0.05363005,0.00654861,0.00187745,0.00867424,-0.01379812,0.01893285,0.02796503,0.02154690,-0.00552911,-0.00467833,0.00372413,0.02428066,0.00709556,-0.01316672,-0.00037844,0.00651260,0.04168895,0.01755440,0.00686012,0.00441884
2010-12,0.11976632,0.09325293,0.09324051,0.06000384,0.07237263,0.12334164,0.07114611,0.06279660,0.08014179,0.06266231,0.08075896,0.05512333,0.07027510,0.05668163,0.08521031,0.09072379,0.04899564,0.06884022,0.05094450,0.04759507,0.07996407,0.06337230,0.04961585,0.05220386,0.04483766,0.10600738,0.10824778,0.09306125,0.05941479,0.07182799,0.12654531,0.06016375,0.07019896,0.08464642,0.05769392,0.08066950,0.03538611,0.09249724,0.05056723,0.08881503,0.08923084,0.04333613,0.07619984,0.05319714,0.04603963,0.05583214,0.06887134,0.05630080,0.06451588,0.04350325
2011-01,0.01534565,0.06369825,0.02403737,0.02857572,0.02688563,-0.00350805,0.03850093,0.01226367,0.04743565,0.02494299,0.01769387,0.03830535,0.02493536,0.03900444,0.00516817,0.01673574,0.00846695,0.01562842,0.01537836,0.00691106,0.01737229,-0.01707470,0.02398490,0.01421153,0.01845195,0.01693904,0.02241198,0.07153088,0.02595788,0.02161114,-0.00364721,0.04708593,0.00416025,0.04056676,0.03163730,0.01354741,0.02669128,0.05200419,0.02887935,0.00191520,0.01160148,0.00176313,0.03046368,0.00828542,0.01179303,0.03147268,-0.01283732,-0.00024635,0.01745475,0.02148593
2011-02,0.03458245,0.03700316,0.03927454,0.01878089,0.03427039,0.06253586,0.04441587,0.06064657,0.03386375,0.01859067,0.05641759,0.04308487,0.04273391,0.04496024,0.02716066,0.01944532,0.05242444,0.02116876,0.01929485,0.06256214,0.09148145,0.07161772,0.02540876,0.02572867,0.04165623,0.05107097,0.03155691,0.01701281,0.04147590,0.02370801,0.06415041,0.04103807,0.06222374,0.02848792,0.02403679,0.05767624,0.04468291,0.03987552,0.04405631,0.02829431,0.01533338,0.05106016,0.03291531,0.01258603,0.06293876,0.09308023,0.06390484,0.04243714,0.01842429,0.03828707
2011-03,0.01735773,0.02622705,0.01020107,-0.00651743,-0.00482404,0.00791627,0.00787353,0.00603016,0.00075069,-0.00342168,-0.00528786,0.00488646,0.00696156,-0.00399747,0.00523746,0.02079921,0.02415625,0.02064990,0.02216495,-0.00826369,-0.01072468,0.01784907,0.02311499,0.01025444,0.01482524,0.01714539,0.03101799,0.01764280,-0.01391500,-0.00744834,0.00303350,0.01898223,-0.00025977,0.00256733,-0.00541171,-0.00327623,0.00453646,0.00402897,0.00459375,-0.00200237,0.02681370,0.02240344,0.01901413,0.01870651,-0.00743875,-0.01502359,0.01945029,0.03045732,0.00198839,0.01825114
2011-04,0.04269905,0.04142900,0.02151270,0.03850235,0.03468345,0.05721290,0.02569884,0.03305521,0.01268350,0.02436820,0.02818535,0.01896160,0.03032565,0.04081230,0.05374980,0.01865695,0.04908820,0.03629358,0.02752035,0.03538130,0.01614890,0.01180500,0.02965811,0.04581845,0.01731170,0.04805715,0.03607030,0.02105530,0.04314475,0.03049905,0.05366740,0.02543684,0.03617937,0.01241235,0.02546580,0.02494935,0.02683495,0.00850615,0.05531335,0.05643090,0.00689170,0.05513430,0.04123932,0.03175460,0.03216775,0.00001620,0.01353245,0.04111184,0.03890645,0.02774790
2011-05,-0.00860267,0.00160288,-0.02023604,-0.00958500,0.01496166,-0.01262810,-0.00987396,0.01103477,-0.02501950,-0.00786691,0.00399124,-0.01070426,-0.00896282,-0.00470804,-0.02043686,-0.02080280,-0.01234308,0.01372097,0.00708644,-0.01483333,0.01141013,0.01464091,0.00896343,-0.01257290,-0.02128599,-0.00743743,-0.00210390,-0.01170770,-0.01333666,0.01299892,-0.01623181,-0.00726011,0.00360643,-0.01994369,-0.00460393,0.00470831,-0.01481357,-0.00579698,-0.00789574,-0.01691799,-0.02527121,-0.01164246,0.02126429,-0.00182738,-0.01024516,0.02077042,-0.00769835,0.01394032,-0.00789512,-0.01769034
2011-06,-0.05440215,-0.04115675,-0.03495194,-0.03060756,-0.00633017,-0.02571463,-0.01809147,-0.02364110,-0.02696185,-0.02222348,-0.01745328,-0.01164802,-0.00628224,-0.01045164,-0.00507516,-0.03110245,-0.00486982,-0.01922075,-0.01576692,-0.00624069,-0.01962616,-0.00235108,-0.00627319,-0.01279160,-0.00481493,-0.05544140,-0.04875548,-0.02331120,-0.02493738,-0.01437587,-0.02729134,-0.01505376,-0.02372542,-0.02590742,-0.02446137,-0.01749466,-0.00995192,-0.01548573,-0.00227168,-0.00602117,-0.03232929,-0.00845638,-0.01345150,-0.01432215,-0.00877687,-0.01955617,0.00595478,-0.01102416,-0.01587979,-0.00533146
2011-07,-0.05791754,-0.01995795,-0.02383612,-0.01542478,-0.02653483,-0.03822170,-0.02686922,-0.05244129,-0.03784589,-0.00749341,-0.05422185,-0.02986499,-0.05103403,-0.02249210,-0.04080590,-0.03984827,-0.03597099,-0.05230984,-0.03986513,-0.00826686,-0.04275086,-0.06492394,-0.02203646,-0.03837762,-0.02104574,-0.06216688,-0.02056791,-0.01451347,-0.02512056,-0.02122651,-0.02721581,-0.04292623,-0.05088165,-0.03449508,-0.00899795,-0.05389775,-0.02178900,-0.05555241,-0.02651570,-0.04238372,-0.04197287,-0.03583492,-0.05166626,-0.03330854,-0.01305968,-0.04988769,-0.04171324,-0.03378550,-0.04161738,-0.02321011
2011-08,-0.14599197,-0.08176847,-0.09378097,-0.06764592,-0.02737118,-0.06100334,-0.09248273,-0.05297244,-0.06844755,-0.05557158,-0.03316376,-0.05088947,-0.04596611,-0.05194793,-0.05022913,-0.05255391,-0.06247074,-0.04002545,-0.04348731,-0.06354506,-0.03447673,-0.05881798,-0.06388568,-0.06869551,-0.06768168,-0.12823025,-0.10668715,-0.07680138,-0.06628076,-0.03570961,-0.07073867,-0.08579186,-0.04728286,-0.07665428,-0.04950111,-0.03866531,-0.03795144,-0.05369983,-0.04543585,-0.05662814,-0.06667436,-0.05634189,-0.04234057,-0.04061944,-0.05757961,-0.06546399,-0.04325401,-0.05859355,-0.05914607,-0.06731109
2011-09,-0.12407729,-0.11711876,-0.09763937,-0.03884290,-0.04052102,-0.10142892,-0.07975258,-0.07616845,-0.10154172,-0.06776857,-0.06849029,-0.08100988,-0.09917457,-0.07274987,-0.05545198,-0.07938083,-0.08839563,-0.06799786,-0.08800189,-0.09252399,-0.09969064,-0.04952388,-0.08423640,-0.13048473,-0.07720278,-0.13177421,-0.11421063,-0.08502319,-0.04674107,-0.04055019,-0.09337885,-0.09885444,-0.06793492,-0.10546176,-0.06376806,-0.06731254,-0.10935358,-0.08923416,-0.05381247,-0.05709424,-0.11030955,-0.06243189,-0.07768077,-0.08431931,-0.08480045,-0.11588562,-0.07009239,-0.08783390,-0.09599965,-0.07325795
2011-10,0.15561235,0.14422110,0.11299175,0.11982375,0.15188380,0.17188340,0.16641440,0.14150674,0.12217230,0.08338695,0.17505345,0.11010111,0.15897105,0.15429510,0.12528480,0.14731570,0.10959680,0.16042011,0.07757725,0.11727935,0.13347385,0.13705890,0.10535845,0.15895870,0.10221640,0.14709980,0.13323605,0.14122180,0.10282630,0.16014880,0.17964670,0.16960985,0.12800911,0.12403630,0.08338695,0.18807205,0.10075985,0.15184390,0.14798660,0.13894165,0.15816245,0.12627915,0.12476753,0.08337080,0.11782665,0.16111395,0.09803015,0.12631840,0.16267275,0.08893105
2011-11,-0.02288937,-0.00410984,-0.02032836,-0.02491205,-0.04671694,-0.01174660,0.00949894,-0.00757741,-0.00536950,0.01728447,-0.01403552,0.02107072,-0.02308159,-0.01719246,0.00897011,-0.00094716,0.00877242,-0.00271452,-0.00584126,0.01469103,-0.02453103,0.00218058,0.00405408,-0.00509072,0.00860937,-0.01934474,-0.00667330,-0.01994176,-0.02757573,-0.04531031,-0.00843504,0.00803735,-0.01390678,-0.00131329,0.01728447,-0.01838452,0.00280519,0.00194694,-0.02310942,0.00981208,-0.00303527,0.01367287,-0.00441782,-0.00387863,0.01136781,-0.03376268,-0.00151589,0.01239066,0.00457568,0.00398169
2011-12,0.03466822,0.01221058,-0.01921107,-0.01257803,-0.00561624,0.04618160,-0.03070808,0.01113191,0.00798313,0.03298792,0.00504082,-0.02583444,-0.00994702,-0.01989468,0.01228208,0.00971230,-0.00646812,-0.00377140,0.00936249,-0.00605120,0.00815630,-0.02351014,-0.00700447,-0.00622536,-0.00471794,0.03004564,0.01414393,-0.01426103,-0.01434328,-0.00557603,0.04115174,-0.02263780,0.01309682,0.00261142,0.03298792,0.01454995,-0.02669481,-0.01192906,-0.02409037,0.01066373,0.01190387,-0.01092581,-0.00275465,0.00905620,-0.00450100,-0.00706172,-0.00645636,-0.00935040,-0.00792670,-0.00278801
2012-01,0.05653917,0.07647577,0.07310492,0.05394141,0.09009243,0.06784322,0.06586419,0.09342007,0.03303908,0.03314076,0.04934426,0.05751082,0.05857562,0.06979941,0.05396084,0.04584447,0.02914555,0.05996842,0.02160059,0.05886284,0.06106885,0.02147886,0.07367308,0.04591741,0.03493524,0.05508710,0.06925957,0.09057236,0.04260795,0.09186857,0.06130092,0.08238438,0.07565108,0.04053948,0.03314076,0.03831025,0.07156889,0.06170367,0.06151529,0.05629128,0.03090703,0.04897397,0.05162005,0.02767814,0.05665432,0.03799391,0.07483168,0.05060446,0.03602459,0.03719269
2012-02,0.04329357,0.06274858,0.06345898,0.05511808,0.03053194,0.04804064,0.01708722,0.04677347,0.04652692,0.03769129,0.03911201,0.04411300,0.04893252,0.05864766,0.02973596,0.03051695,0.00975950,0.00202837,0.03413092,0.02630117,0.04345082,0.08881314,0.03941047,0.03629930,0.04517809,0.04386964,0.05842208,0.07721594,0.05384164,0.02164186,0.04278446,0.02346992,0.04612668,0.04694877,0.03769129,0.05527572,0.02914947,0.04885014,0.06137946,0.02610219,0.03380845,0.00318353,0.00683501,0.03274989,0.02600817,0.05537512,0.05903567,0.05824691,0.03422795,0.04546515
2012-03,0.01073232,0.01444139,0.01524111,0.03773240,0.05424455,0.04467556,0.00906166,0.03535377,0.02905141,0.04109479,0.00684301,0.02911014,-0.00453486,0.01682787,0.01075873,0.00602651,0.01374823,0.03476846,0.03175437,0.01230071,0.01151520,0.02676324,0.04908872,0.02293409,0.02893646,0.02158827,0.00791615,0.01601857,0.03761723,0.04968322,0.04278934,0.01898074,0.02621028,0.03073508,0.04109479,-0.00435175,0.04052412,-0.00210397,0.01623937,0.00902017,0.00562438,0.01349050,0.03634444,0.03339687,0.01041516,0.00487233,0.03184138,0.05503954,0.01204822,0.03463713
2012-04,-0.04364845,-0.04874750,-0.04946110,-0.03133255,-0.02823820,0.00204200,-0.02949045,-0.01393805,-0.00828540,-0.01587055,-0.00490885,0.00004050,-0.02932632,-0.02277745,-0.01215853,-0.00761160,0.01284547,0.01867879,0.00637380,0.00909950,0.02760395,0.02039025,0.01034305,0.02542835,0.01524335,-0.03244800,-0.04129530,-0.06790110,-0.03479175,-0.02499165,0.00456185,-0.02796645,-0.02208316,-0.00400455,-0.01645740,-0.02489850,0.01890710,-0.03637532,-0.02029705,-0.00722625,0.00044520,0.00991337,0.01288847,0.00939700,0.00630580,0.03077405,0.01403055,0.01154574,0.02970385,0.01301490
2012-05,-0.13622801,-0.12342537,-0.10696707,-0.08540167,-0.13009206,-0.08195407,-0.09030345,-0.07051608,-0.07630219,-0.08600636,-0.06518372,-0.08232171,-0.09822585,-0.07180063,-0.06630213,-0.03679236,-0.05352487,-0.03970150,-0.06631003,-0.03775382,-0.00867719,-0.03231057,-0.03930442,-0.02953588,-0.03388672,-0.11656306,-0.11432057,-0.11983013,-0.09662436,-0.13453689,-0.08108680,-0.08509351,-0.07738196,-0.07656414,-0.08521468,-0.06555227,-0.08804940,-0.09446462,-0.07120851,-0.06423098,-0.03059478,-0.06111514,-0.03716943,-0.06024324,-0.04516155,-0.00685096,-0.04085769,-0.02781828,-0.03746918,-0.03010253
2012-06,0.04411514,0.02187246,0.06876101,0.04864242,0.02193411,0.04526047,0.04820394,0.02719263,0.03495463,0.04036825,0.06973805,0.05489460,0.02609569,0.01214083,0.03508938,0.02814636,0.03847738,0.05181555,0.04617107,0.05550493,0.05413508,-0.01040497,0.01007475,0.02258454,0.05163421,0.03295416,0.03866537,0.07033142,0.03740109,0.02769979,0.04766933,0.05017136,0.01977708,0.03673568,0.04094595,0.07089308,0.04784580,0.02120009,0.02289489,0.03475633,0.03220366,0.04400594,0.04645206,0.04477702,0.05265811,0.05017737,-0.00468168,0.01646064,0.02725308,0.03908275
2012-07,-0.00401587,-0.00657825,-0.02902736,-0.01282259,0.01507806,-0.04321751,-0.01323106,0.03145207,0.00885848,0.00410632,-0.03406952,0.00391249,0.02118262,-0.00580563,0.02700127,-0.00064483,0.00706701,0.00209285,0.00348323,0.02129386,0.00808638,0.00143492,0.00055044,0.00999122,0.02037191,-0.01650912,0.00176369,-0.01184441,-0.03173427,0.02056808,-0.04225224,-0.01405741,0.03011861,0.01553596,-0.00061725,-0.03740916,0.02286687,-0.00007144,-0.00232841,0.02442216,0.02119243,-0.02076764,0.00450804,0.00929757,0.01757376,-0.00755522,0.02569480,-0.01165596,0.01246155,0.02231949
2012-08,0.04702071,0.06267222,0.03884239,0.02899495,0.04091872,0.07322075,0.02050300,0.03656185,0.03765353,0.04004741,0.06460389,0.02476690,0.03808834,0.03114794,0.03053324,0.02720900,0.01035108,0.01749091,0.01596273,0.00580555,-0.00706655,0.01578098,0.02476628,0.00016099,0.00331450,0.04348179,0.04927068,0.05557343,0.03559299,0.03327523,0.07083010,0.02898025,0.03298807,0.03387527,0.04130614,0.07031816,0.02057156,0.03403946,0.03475223,0.03068626,0.01696765,0.03392703,0.00128022,0.01471573,0.01107197,-0.01225069,0.02308142,0.02078435,-0.00241103,0.00683813
2012-09,0.06596245,0.01927428,0.03391860,0.01292534,0.03176535,0.04540913,0.02198749,0.02039975,0.02797510,0.01712882,0.01305689,0.03389098,0.01876126,0.03266721,0.02166018,0.02961674,0.02409005,0.00435058,0.03025521,0.02381397,0.03242178,0.00333110,0.01194991,0.01497728,0.02783941,0.05951082,0.02927366,0.03025893,0.00948183,0.03447032,0.04402359,0.02237547,0.02295815,0.02441764,0.01915760,0.01111132,0.02956077,0.04068987,0.01598809,0.02383838,0.03170154,0.02265098,0.00869135,0.02763542,0.02193741,0.03377789,-0.00267550,0.01317796,0.02272168,0.02365509
2012-10,0.00135300,-0.02129670,0.02690358,-0.00203130,-0.01606970,-0.01143070,-0.02495995,-0.04580663,-0.00271225,0.00991950,-0.00554160,0.01817005,0.01294884,-0.02459945,-0.03026725,0.02066170,-0.01068475,0.01629926,-0.00040555,-0.01947795,0.00663185,-0.02932980,-0.00639858,-0.00869675,-0.01586765,0.00661365,-0.04525225,0.01748384,0.01638005,-0.00683740,-0.00843375,-0.03413580,-0.04305516,0.00618995,0.00458230,0.00004165,-0.00543915,0.01992979,-0.01316530,-0.03030735,0.02105505,-0.00604575,-0.00216811,0.01210610,-0.01947795,0.00071790,-0.04042375,0.01150447,-0.00869675,-0.01586765
2012-11,0.07829069,0.02146498,-0.06480250,-0.00537466,-0.01340668,0.02452039,0.02554453,0.02558248,0.02128400,-0.00050300,0.02499044,-0.00126557,0.01422279,0.01415423,0.01159632,0.01603494,-0.01598140,0.00970342,0.02273907,0.01589943,-0.00594746,0.02121508,0.00754657,0.01532832,0.00672232,0.04812116,0.01871498,-0.01999968,-0.00312526,-0.02634846,0.02852863,0.02305875,0.02879791,0.01889579,-0.00268477,0.02724591,-0.00683627,0.01860162,0.00493320,0.01955407,0.01379951,-0.00880452,0.00203574,0.02508178,0.01589943,-0.00750997,0.02205984,0.00832166,0.01532832,0.00672232
2012-12,0.06188252,0.05498517,0.05539225,0.02407409,0.04679187,0.03039739,0.03588603,0.04456924,0.03360001,0.04211751,0.02663145,0.01639927,0.02150305,0.01681718,0.02518056,0.02124873,0.02245392,0.01845394,0.00244313,0.00616929,0.01228568,-0.00139855,0.00101974,-0.00037020,-0.02091983,0.03522966,0.05186418,0.06388783,0.05227498,0.04192830,0.03637406,0.02929005,0.04395939,0.03570330,0.04100826,0.02661914,0.03613735,-0.00115673,0.02039137,0.02430033,0.02167129,0.02532614,0.01395597,0.00360620,0.00616929,0.02079995,-0.01117372,0.00216183,-0.00037020,-0.02091983
2013-01,0.05356114,0.12195036,0.11111716,0.09613402,0.08917445,0.08483160,0.06361547,0.06712489,0.07321147,0.06411770,0.06532015,0.07143382,0.07363411,0.08315675,0.04374688,0.05230640,0.04885707,0.03263479,0.06545000,0.06515860,0.06768479,0.04050592,0.02925537,0.04389620,0.04834042,0.06855946,0.08937271,0.08257217,0.12129370,0.10570991,0.08938749,0.06445603,0.05948969,0.07513807,0.06349890,0.07567248,0.05946963,0.06967868,0.08119208,0.05106545,0.05355906,0.04551802,0.05138722,0.04935174,0.06515860,0.06979824,0.04043037,0.02743730,0.04389620,0.04834042
2013-02,0.00532979,0.01480415,-0.00345904,-0.01448918,-0.00252571,0.02232572,0.00401091,0.02403732,0.00789292,-0.00315740,0.02307606,0.02718891,0.02296133,0.02405595,0.01059155,0.03117821,0.00098548,0.02853671,0.00672725,0.02352573,0.01220160,0.02427124,0.01403980,0.01470791,0.02077758,0.02165947,0.00769458,-0.01060772,-0.01640284,-0.00027044,0.01911066,0.00293764,0.02969523,0.00905150,-0.00563444,0.02590214,0.02432225,0.02391421,0.02427297,0.00958850,0.03183178,0.00834685,0.00116075,0.02463785,0.02352573,0.00982932,0.02252626,0.01837140,0.01470791,0.02077758
2013-03,0.05807092,0.02307232,0.04450645,0.04495700,0.04034437,0.06806634,0.06611386,0.02916467,0.03954498,0.04526281,0.03858084,0.04481346,0.04404283,0.02057448,0.02929068,0.04650134,0.04310208,0.05240451,0.04800393,0.04670906,0.04616063,0.04573168,0.04367520,0.04856717,0.05450808,0.06544030,0.02855490,0.05028421,0.02255197,0.04420798,0.07052213,0.06521804,0.02523503,0.04317564,0.04371480,0.04399860,0.04573057,0.04070164,0.01696238,0.03003435,0.05025565,0.04451737,0.04365663,0.05097175,0.04670906,0.05636208,0.03982997,0.03895731,0.04856717,0.05450808
2013-04,0.05187970,-0.00842300,0.04340363,0.01923830,0.01508790,0.01758000,-0.03075990,-0.01888526,0.01369760,0.01019695,0.01071655,0.00973605,0.03305905,0.02456089,0.01146330,0.00837560,0.03522880,0.02555695,0.02128940,0.03144575,-0.00572065,0.02043280,0.03083268,0.00887785,0.02562255,0.03693770,0.02101260,0.01697584,0.04252300,0.00241600,0.01165500,-0.01650775,-0.01848021,0.00498565,0.01019695,0.01274660,0.01955111,0.01787215,0.03064063,0.00952010,0.00699970,0.03536520,0.03305363,0.01722810,0.02962470,-0.00129425,0.01793655,0.01967995,0.01840525,0.02476010
2013-05,0.08308954,0.03608107,0.04165766,0.00984587,0.03211753,0.05078529,0.02796203,0.03443055,0.02711530,0.03541577,0.03440173,0.04448843,0.02004378,0.02224689,0.03707792,0.04209697,0.03246445,0.00953824,-0.00106940,0.01349706,0.01782266,-0.00085041,0.01711950,0.02960127,0.01469084,0.06833596,0.06768879,0.01730721,0.01471229,0.03499259,0.05786332,0.01873904,0.04067763,0.02334463,0.03541577,0.03479737,0.04542591,0.02068094,0.00918799,0.04757016,0.03491547,0.03549235,0.00361512,-0.00102319,0.02308165,0.00705787,0.01189786,0.00918501,0.03383864,0.01564296
2013-06,-0.01072989,-0.04329586,0.02316133,-0.00161770,-0.02396163,0.01364061,-0.01347933,-0.00940838,-0.01379340,0.00317630,-0.00701935,-0.00755549,-0.01965147,0.01466708,-0.00808435,-0.03118639,0.00614655,0.00338859,-0.02242920,-0.01919156,-0.03028409,-0.01307464,0.00490483,-0.02245616,-0.01038197,-0.01190318,-0.00977504,-0.01296755,0.00420929,-0.02643359,0.01109132,-0.01294779,-0.00518433,-0.01569717,0.00317630,-0.01016296,-0.00124924,-0.02395146,0.01612328,-0.00816567,-0.02712010,0.00172425,-0.00979376,-0.00962969,-0.01895451,-0.02419121,-0.02061117,-0.01107028,-0.00701637,-0.00876938
2013-07,0.05658627,0.09000185,0.03511074,0.03652073,0.02595284,0.05909622,0.06225637,0.07248590,0.04343358,0.06098723,0.08619111,0.08779864,0.06363194,0.03456012,0.06512426,0.06751343,0.03945835,0.03526033,0.06625873,0.04765451,0.03593900,0.05169885,0.05035435,0.05352189,0.05341105,0.07384966,0.04860220,0.04918294,0.04422386,0.02515024,0.06561864,0.06065862,0.05821647,0.05125080,0.06098723,0.08695465,0.08100738,0.07337666,0.02965625,0.06565151,0.06214248,0.03624787,0.05327486,0.05587433,0.04913760,0.01951717,0.06119514,0.05575455,0.05923435,0.04824117
2013-08,-0.04686667,0.00537560,-0.02630265,-0.01764148,0.01009996,-0.03941973,-0.01816511,-0.02028154,-0.01251803,-0.02369011,-0.02689829,-0.03369222,-0.02843603,-0.03558836,-0.01989887,-0.03617145,-0.04120935,-0.03751444,-0.02239304,-0.04655853,-0.05023595,-0.02802061,-0.03855789,-0.02465437,-0.03640529,-0.03449752,-0.01324537,-0.02568524,-0.01862934,0.01481701,-0.03740104,-0.01188512,-0.01652003,-0.02436994,-0.02369011,-0.02960762,-0.02517700,-0.03753053,-0.03309315,-0.01903242,-0.04039914,-0.04106538,-0.02517134,-0.03005633,-0.04660136,-0.04745491,-0.03927365,-0.02571471,-0.03152042,-0.03392982
2013-09,0.05065951,0.04349732,0.05427449,0.02350718,0.02943388,0.05721022,0.03380866,0.04313196,0.06480689,0.02913892,0.05434328,0.02888281,0.05427510,0.03653201,0.04743920,0.04015590,0.02598635,0.04618847,0.05579385,0.02732486,0.03679441,0.04967321,0.02696819,0.02647693,0.03588037,0.06044021,0.04629545,0.04556706,0.02787951,0.02101970,0.05920347,0.03529472,0.04741503,0.05746333,0.02913892,0.05514743,0.03525853,0.04614671,0.03402293,0.05090767,0.03590109,0.02744481,0.05969442,0.04500432,0.02783150,0.03589353,0.04314167,0.02556973,0.03649944,0.03563831
2013-10,0.07353335,0.00845865,0.01380805,0.04385615,0.03931375,0.04583426,0.02902695,0.02741111,0.03690380,0.04629360,0.03409480,0.03613053,0.04642840,0.05958089,0.05962555,0.05109005,0.05108180,0.03229374,0.06533515,0.05196370,0.05361420,0.04702130,0.03128416,0.04043890,0.02984895,0.06539310,0.03668690,-0.00040168,0.03921145,0.03736970,0.04431840,0.03005647,0.03153826,0.03089985,0.04807420,0.03702715,0.03846521,0.03850580,0.06637042,0.05594780,0.05860040,0.04193035,0.04075526,0.06089900,0.05000250,0.04621830,0.04503100,0.02440442,0.05636085,0.02984895
2013-11,0.00780158,0.03797826,0.01139482,-0.04413676,0.01009560,-0.01017705,0.01075030,0.01809508,0.01569422,0.03489813,0.00437980,0.00880660,0.04141217,0.02808924,0.00908306,0.03240394,0.03729986,0.04392820,0.03444309,0.05241879,0.04467608,0.04716228,0.02838820,0.04582634,0.03878114,0.00568488,0.04034436,-0.00102308,-0.02757984,0.00448896,-0.01028501,0.01561121,0.01174048,0.02300004,0.03019642,0.00121531,0.01774705,0.02315626,0.03355486,0.01668891,0.03365996,0.03673024,0.03533600,0.04472070,0.04942462,0.03784724,0.05744874,0.02650520,0.04403479,0.03878114
2013-12,0.03917187,0.04151609,0.01745264,0.01234950,0.03295199,0.03149339,0.01933327,0.04733739,0.03367874,0.02124980,0.04611265,0.02201774,0.03504121,0.03228051,0.01265081,0.03716032,0.04121995,0.04187471,0.03207447,0.03524132,0.01676294,0.00486857,0.03016916,0.02859039,0.01349611,0.04002395,0.03180157,0.01561071,0.03069717,0.02653692,0.02537253,0.02916540,0.04232663,0.03240791,0.02338118,0.03974734,0.03450258,0.02546771,0.03158557,0.01754259,0.03368860,0.04477203,0.04399010,0.03659607,0.02892539,0.01270156,0.01820763,0.01585702,0.03222638,0.01349611
2014-01,-0.07801516,-0.01550359,-0.02502919,0.01541717,-0.03984702,-0.00072365,-0.02058389,-0.02537519,-0.03187513,-0.02142499,-0.02938384,-0.02552235,-0.05721732,-0.02920189,-0.04149146,-0.03271776,-0.03945299,-0.01882960,-0.03924458,-0.02495738,-0.03438624,-0.02787896,-0.00654691,-0.03790475,-0.04431353,-0.07197023,-0.01149305,-0.03577891,0.01217035,-0.03964834,-0.00325680,-0.01985397,-0.01448279,-0.03698892,-0.02578133,-0.04127933,-0.02070905,-0.05467594,-0.02641347,-0.04056074,-0.02629741,-0.04745568,-0.02005151,-0.04149005,-0.02028293,-0.00712920,-0.03557595,-0.02367868,-0.04086281,-0.04431353
2014-02,0.07732453,0.05616081,0.05975599,0.05138852,0.03521868,0.04886468,0.04593628,0.04745210,0.04009509,0.04923287,0.04461161,0.08344039,0.04351906,0.04442313,0.05520769,0.06081473,0.05114978,0.07486815,0.04497420,0.05539419,0.05366615,0.07160831,0.04756828,0.05629350,0.03360189,0.06761938,0.06113407,0.06250102,0.05684552,0.03187479,0.04553929,0.05218189,0.03953196,0.05062405,0.04362845,0.04423913,0.08164464,0.04678155,0.04866711,0.04867241,0.05878693,0.05514653,0.06926441,0.05528390,0.04873964,0.07416522,0.03538664,0.06708301,0.05359338,0.03360189
2014-03,0.02560554,-0.00551323,0.00709409,0.01627545,0.03073544,0.01080856,0.00848424,0.00491277,0.00846630,0.00087347,0.02158965,0.00859546,0.01188375,0.01575786,0.00904489,-0.01337482,0.00778732,0.00606619,0.00812691,-0.00486452,0.02087977,0.00439509,-0.00488484,0.00041049,-0.00279789,0.02426184,-0.00719978,0.01670697,0.00415472,0.03788925,0.01433534,0.00039302,0.00818179,0.00312043,0.00714996,0.02355776,0.00428137,0.01146401,0.02294997,0.00483516,-0.00690822,-0.00223612,0.01263105,0.00458764,-0.00481261,0.01302650,0.00782086,-0.01099087,0.01020495,-0.00279789
2014-04,0.01762135,0.01465860,0.00370045,0.02949480,0.02846260,0.03418780,-0.02020220,0.00194989,0.02715435,0.04386860,-0.00175845,0.00288915,0.01357810,0.00375000,0.00480250,-0.00813540,-0.01415895,0.00089105,-0.00664460,-0.01770775,-0.01417910,-0.01738435,-0.01112735,-0.01576785,-0.00261590,0.01152800,0.02121090,0.00553795,0.02719835,0.02846260,0.02349705,-0.01276940,0.00857600,0.01930810,0.04867800,-0.00051070,-0.00489960,0.01760285,0.00134270,0.00972605,-0.01440425,-0.01053095,0.00009921,-0.00619485,-0.01476440,-0.01812330,-0.01043750,-0.01447835,-0.01091875,-0.00711665
2014-05,-0.00038838,0.01780521,0.01256099,0.02517148,0.00536038,0.00661023,0.01623577,0.00642540,0.00760877,0.01813068,0.01063832,0.03132092,0.02433601,0.03181340,0.02268886,0.02537131,0.02450797,0.03251978,0.04126660,0.03371301,0.01104339,0.02635117,0.04586757,0.02150454,0.04528414,0.00726410,0.00834532,0.02023658,0.01944468,0.00536038,0.00473108,0.01528161,0.01094024,0.00361465,0.02050764,0.01418449,0.03498029,0.02334252,0.02992238,0.01907386,0.03710255,0.01816556,0.02853214,0.03682974,0.03664447,0.01714996,0.03007695,0.03487553,0.02603340,0.04204553
2014-06,0.07347713,0.02163700,0.03977777,0.01651652,0.02699948,0.04076386,0.03406895,0.00628909,0.01145377,0.02509463,0.04497285,0.03686898,0.02842856,0.04880706,0.03340438,0.03402180,0.02715625,0.01081758,0.02032581,0.02481248,0.01999474,0.02326954,0.02795195,0.02182732,0.00039587,0.07957035,0.01612559,0.02957061,0.02571938,0.02699948,0.04249145,0.02994377,0.00733209,0.01705278,0.02116700,0.05138690,0.04593920,0.02872124,0.04577288,0.02198770,0.03934592,0.02327177,0.00450073,0.02394141,0.02559157,0.02103599,0.03379111,0.01296387,0.02266349,0.00288854
2014-07,-0.03538780,-0.01603009,-0.01764488,-0.01997875,-0.00032452,0.00987147,-0.02166693,-0.03964587,-0.03645685,-0.02240151,-0.01520828,-0.04702470,-0.03117236,-0.02646077,-0.02149936,-0.01882374,-0.04310602,-0.04368727,-0.02704667,-0.00660046,-0.04233631,-0.01277496,-0.01074911,-0.01292905,-0.00389087,-0.03778549,-0.00841793,-0.01731961,-0.02511093,-0.00032452,0.00287899,-0.01600650,-0.03706123,-0.04759141,-0.01215748,-0.02150450,-0.04205837,-0.03194832,-0.03038989,-0.01623267,-0.03109243,-0.03427102,-0.03471901,-0.02890603,-0.00987390,-0.03790736,-0.00745087,-0.02155760,-0.01342797,-0.00202335
2014-08,0.04285365,0.04603043,0.04404408,0.05201357,0.02734571,0.06192219,0.04538376,0.04527669,0.05129646,0.03346202,0.02878640,0.03965269,0.05536050,0.03113370,0.04291052,0.02991379,0.06357430,0.03350978,0.04967096,0.04147169,0.05616799,0.03182777,0.03195301,0.04163505,0.03452699,0.04632420,0.04184069,0.04754002,0.04923129,0.02734571,0.05654966,0.04855315,0.05261384,0.04658062,0.03432332,0.03167013,0.03757521,0.04235826,0.03920368,0.04614308,0.03917922,0.05661083,0.03408662,0.05006324,0.03796337,0.05358849,0.04072121,0.02791816,0.03527379,0.03841783
2014-09,-0.09831336,-0.03950487,-0.03922561,-0.04049359,-0.04327219,-0.02813877,-0.03373004,-0.02206190,-0.03484580,-0.00138620,-0.03068627,-0.01708979,-0.01905082,-0.02881180,-0.01971553,-0.03160307,-0.01448724,-0.01274115,-0.00625252,0.00440979,-0.02216463,-0.03713816,-0.01577028,-0.00567318,-0.00099872,-0.08772300,-0.04811235,-0.03504962,-0.04636075,-0.04327219,-0.02984218,-0.03706255,-0.01929052,-0.03186732,-0.00227208,-0.02691964,-0.01161362,-0.02578431,-0.03474161,-0.01560788,-0.04101683,-0.00250334,-0.01461490,-0.00728804,0.00492333,-0.02045955,-0.02282030,-0.02681516,-0.00941281,-0.00240931
2014-10,-0.00098560,0.03539905,0.00469010,0.04428160,-0.00149650,0.03512775,0.04526795,0.05533505,0.03591305,0.02561540,0.05263550,0.02958715,0.05347347,0.04127375,0.05733220,0.02196885,0.03849525,0.06602120,0.02446085,0.02975170,0.00089805,0.02577110,0.02395735,-0.00682720,0.00469570,0.01618030,0.03014320,0.00329880,0.03752360,-0.00525725,0.04297590,0.05143885,0.04087305,0.03299270,0.02897870,0.05068725,0.02585340,0.07047505,0.03929530,0.04884115,0.03653970,0.01931720,0.07139055,0.03373330,0.01971710,-0.00325385,0.01977060,0.01893695,0.00651715,0.00652415
2014-11,-0.02731475,0.04246166,0.01415900,0.04898903,0.06017889,0.02028129,0.02971042,0.02690754,0.01105419,0.02837594,0.04064223,-0.00580703,0.03078244,0.02773229,0.03187532,0.03709728,0.02617872,0.03694373,0.01876344,0.03438750,0.01463461,0.02014140,0.04947100,0.02928492,-0.00172362,0.00027472,0.01330135,0.03345597,0.02956161,0.06426873,0.01857934,0.04059755,0.01546847,0.01045516,0.03113288,0.04063778,-0.00578759,0.02949957,0.02896971,0.03176963,0.03707906,0.03031451,0.02974204,0.02949864,0.02689124,0.01398496,0.03342521,0.04847928,0.02256856,-0.00677658
2014-12,0.01498019,0.02031253,-0.01411183,0.02003043,0.00073105,0.00145960,0.02996820,-0.00254434,0.01211046,0.01418008,-0.00687833,0.00313670,0.01590606,0.00579087,-0.00344852,0.01024007,-0.00823572,0.00832458,0.01312525,0.00671102,-0.00444204,-0.02720160,0.00895284,-0.01947872,0.00031396,0.01502296,0.02914190,-0.01229762,0.01337220,-0.00227124,0.00759239,0.01959476,-0.00402299,0.01883699,0.01297346,-0.00323052,0.00159093,0.01054892,0.01165815,-0.00654460,0.01053252,-0.00364207,0.00570569,0.01213812,0.00517200,-0.00928037,-0.00914150,-0.00748706,-0.01872174,0.00332981
2015-01,-0.05491252,-0.01914340,-0.05163402,-0.00458894,-0.02893888,-0.03308851,0.00800572,-0.03056955,-0.01886299,-0.05792837,-0.03069515,-0.04200535,-0.02704748,-0.04421969,-0.02772129,-0.02429263,-0.02961369,-0.00751476,-0.02077002,-0.03209140,0.00471522,0.00019320,-0.01492356,-0.03765415,-0.01987590,-0.02910400,-0.04608931,-0.04215174,-0.01227569,-0.02546555,-0.01922250,0.00961107,-0.04878673,-0.02648026,-0.04815206,-0.02458513,-0.04885414,-0.02045395,-0.04885205,-0.02922088,-0.01578966,-0.04376962,-0.00374379,-0.02432870,-0.02731232,0.00568946,0.00585134,-0.02747539,-0.02830103,-0.02292159
2015-02,0.05495224,0.03538608,0.04392404,0.01594735,0.06196372,0.08107548,0.04071601,0.05423934,0.03269362,0.06206428,0.04875196,0.07638809,0.03216261,0.06048479,0.05026336,0.09290552,0.05243189,0.06069853,0.05775762,0.03959096,0.09768492,0.04077850,0.07451399,0.06180156,0.07114244,0.04056560,0.04409725,0.05518805,0.00856481,0.06183820,0.06537616,0.06226900,0.04671517,0.04056587,0.05303135,0.06609173,0.06321462,0.02238233,0.06121717,0.05445624,0.08437329,0.05736319,0.06733162,0.05760070,0.03546479,0.07807496,0.06178599,0.06059017,0.07682294,0.06983897
2015-03,-0.00998025,-0.00029737,-0.02464499,-0.00267407,0.00962831,-0.00755498,0.00905622,-0.00335128,-0.00295296,-0.01036369,-0.01434791,-0.01199109,-0.00030505,-0.01890739,-0.01430611,0.00536434,-0.00924753,0.00764780,-0.01176352,-0.01368849,0.00147414,-0.00480739,-0.03241089,-0.02504646,-0.02012932,-0.00225567,-0.00300710,-0.02860177,-0.00263006,0.00992685,-0.00857643,0.01213070,-0.00828447,0.00048766,-0.01164915,-0.01361185,-0.00706086,-0.00702015,-0.01006129,-0.02203540,0.01459930,-0.01508840,0.00284277,-0.00929231,-0.01558747,0.00386138,-0.01203363,-0.02875996,-0.02358409,-0.02068794
2015-04,0.08126535,0.06533670,0.06132355,0.05193335,0.04295380,0.00990960,-0.00540225,0.00251535,0.02751100,0.04424755,-0.01229030,-0.01018375,-0.00566730,0.00796560,-0.00054595,-0.01850321,-0.02146095,-0.00827045,-0.01245360,0.00692255,-0.03718279,-0.03587045,-0.02645490,-0.04117860,-0.02803437,0.04297390,0.08847390,0.07715380,0.05125735,0.04295380,0.00113115,0.00354190,-0.01007225,0.03993290,0.04424755,-0.00819150,-0.01210090,-0.00166475,0.00178140,-0.00054595,-0.02354384,-0.01829075,-0.01913100,0.00023465,0.00671325,-0.03983495,-0.03057711,-0.03746240,-0.03248200,-0.02803437
2015-05,-0.06035820,-0.03368321,-0.03522874,-0.05011001,-0.00396357,0.00654563,0.00955703,-0.00402251,0.02264130,0.00434062,0.01060596,0.02731968,0.02103134,0.00877241,0.02553105,0.03755189,0.01702602,0.00705662,0.02472354,0.01532289,0.01478687,0.02887680,0.02499088,0.02502232,0.02618665,-0.05680207,-0.04068240,-0.01719174,-0.06583137,-0.00396357,0.01184617,0.00790497,-0.00029089,0.01523452,0.00434062,0.01127894,0.02473165,0.02607098,0.00561499,0.02553105,0.02202999,0.03036506,0.01107899,0.02163249,0.01566255,0.02119083,0.01909233,0.03878847,0.01490690,0.02618665
2015-06,-0.03390263,-0.04194334,-0.03042359,-0.03006663,-0.02139420,-0.01156868,-0.00826601,-0.03687135,0.01164715,-0.00447656,-0.00615368,-0.02016015,-0.01282706,-0.04471326,-0.01116659,-0.01642950,-0.02005500,-0.02973835,-0.00614236,-0.01382862,-0.03636934,-0.02362863,-0.04457221,-0.04239280,-0.02663985,-0.02750851,-0.03676922,-0.02903743,-0.04340265,-0.02139420,-0.00882351,-0.00574419,-0.03665697,0.00605131,-0.00447656,0.00272399,-0.02962519,-0.02413333,-0.03290655,-0.01116659,-0.01387381,-0.02175763,-0.01480825,-0.02108856,-0.01419098,-0.02896162,-0.02614324,-0.04769301,-0.04350383,-0.02663985
2015-07,-0.10835021,-0.07387826,-0.06368236,-0.07786227,-0.00749878,0.00266710,0.00882921,-0.00502681,0.02505204,0.01931167,0.03482766,0.00605625,0.00277580,0.00768521,0.03015525,0.03868201,0.01310238,0.05251691,0.00460360,0.03763961,0.05241558,0.05537787,0.03580325,0.04745335,0.04315028,-0.08105079,-0.09458643,-0.06562444,-0.08278705,-0.00749878,0.00374263,0.00663528,0.00590173,0.01620402,0.01931167,0.02486972,0.02794172,-0.00345803,0.00187632,0.03015525,0.04032808,0.01596013,0.03583640,0.01713178,0.03619868,0.04820825,0.05904191,0.02642352,0.05758480,0.04315028
2015-08,-0.04863235,-0.04461816,-0.02600978,-0.06325780,-0.04889212,-0.05638358,-0.04790739,-0.06050822,-0.07533908,-0.05641946,-0.04498741,-0.04690929,-0.05357073,-0.06970336,-0.07240613,-0.02347423,-0.04198309,-0.05331003,-0.05412855,-0.08919757,-0.05001317,-0.05268766,-0.03950334,-0.05106510,-0.04231504,-0.04730380,-0.04844130,-0.01981287,-0.06882221,-0.04889212,-0.04864820,-0.06351087,-0.06076581,-0.06793126,-0.05641946,-0.05049531,-0.04384466,-0.05261419,-0.06844898,-0.07240613,-0.02677349,-0.03160947,-0.05783540,-0.05585065,-0.09017656,-0.06025568,-0.04441351,-0.03082673,-0.05830610,-0.04231504
2015-09,-0.13462772,-0.11232905,-0.06976146,-0.08163144,-0.04172932,-0.02609140,-0.02272101,-0.03940180,-0.05392723,-0.02978887,-0.00686882,-0.02133245,-0.04491286,-0.04840746,-0.02332848,-0.02128294,-0.01806999,-0.02472445,-0.02896490,-0.03351533,0.02747549,-0.00195991,0.00419692,0.01670921,0.00387972,-0.11308293,-0.13133672,-0.07482437,-0.07809510,-0.04172932,-0.02819276,-0.02225483,-0.03274826,-0.05831052,-0.02978887,-0.01297731,-0.01994755,-0.04659356,-0.04208673,-0.02332848,-0.02632690,-0.01341981,-0.02326172,-0.04137786,-0.02236576,0.01572588,0.00220453,0.01531265,0.01081535,0.00387972
2015-10,0.07780410,0.07116825,0.10467555,0.07563255,0.10587800,0.06393210,0.05874395,0.08111005,0.08469780,0.08760385,0.08489585,0.06246050,0.03989010,0.08632770,0.09276325,0.07272695,0.02561730,0.06035353,0.07152350,0.08583885,0.07392180,0.06655926,0.05821785,0.04464685,0.08788310,0.06746060,0.10996985,0.05182385,0.09680170,0.10910245,0.04822190,0.07707465,0.08349463,0.08100020,0.08641560,0.08057925,0.07564190,0.03957360,0.06922045,0.10132220,0.07225675,0.02178955,0.05609705,0.07558245,0.09012150,0.07713774,0.06299715,0.05326980,0.05082235,0.08753075
2015-11,-0.00738647,-0.00376630,-0.03076537,0.02774526,-0.00925865,0.00493357,0.01875164,-0.00107903,-0.00509922,-0.01742382,0.01714218,-0.00088635,-0.01364229,0.00364600,0.01113549,0.01007090,0.00749614,-0.00497010,0.02634517,0.00243797,0.02388823,0.00061096,0.00957101,-0.00358629,0.00092854,0.01399443,-0.01040275,-0.03191074,0.00956956,-0.00604065,0.00666884,0.01908965,0.00662918,-0.01650448,-0.01558776,0.01797722,-0.00702419,-0.00807316,0.00847844,0.00640640,0.00506048,0.01012005,-0.00677263,0.02602731,0.00678399,0.02376945,0.00240940,0.01032913,-0.00291061,-0.00095606
2015-12,-0.09030599,-0.02242939,-0.07291991,-0.10008573,-0.05414500,-0.04495916,-0.03750009,-0.02359616,-0.03222645,-0.04200836,-0.04046704,-0.02110695,-0.00935289,-0.01182425,-0.00043900,-0.01629159,-0.01276324,-0.00093396,-0.00704783,-0.01812863,-0.01852685,-0.00540324,0.00727346,0.00966046,0.00328126,-0.07658821,-0.07191482,-0.01157167,-0.12011299,-0.05616194,-0.04475896,-0.04538908,-0.01616222,-0.03361058,-0.04007430,-0.04297845,-0.01351077,-0.01870422,-0.00191365,-0.00629086,-0.01725404,-0.01100811,0.00559424,-0.00987670,-0.02231118,-0.02788599,0.00230005,0.01581725,0.00220915,0.00291341
2016-01,-0.09136572,-0.02966163,-0.06569681,-0.06270987,-0.08491871,-0.07565293,-0.04501402,-0.09725248,-0.04304432,-0.04228629,-0.06917394,-0.07151877,-0.06358741,-0.04868075,-0.04098073,-0.04274984,-0.05661944,-0.02361095,-0.06965419,-0.07763047,-0.07655574,-0.02184676,-0.04151705,-0.04591820,-0.05220039,-0.05785684,-0.07886514,-0.03529985,-0.07281208,-0.08723632,-0.06708678,-0.05135302,-0.09209406,-0.04844067,-0.04302120,-0.07404972,-0.07249205,-0.06564744,-0.04953836,-0.03250668,-0.04883037,-0.04764312,-0.02678657,-0.06343903,-0.08405176,-0.06557588,-0.03750039,-0.04319694,-0.03559271,-0.05846659
2016-02,-0.00305784,0.04776184,0.04486096,0.00925587,0.02503793,0.03739142,0.03138131,0.01156620,0.01832082,0.01483071,0.01343243,0.03752348,0.01575856,0.01294449,-0.01494130,-0.00138925,0.01154551,-0.00999175,-0.00695839,-0.02247663,0.03285956,0.02175778,-0.01062368,0.01417546,-0.01410098,0.02625893,0.02989606,0.05028462,-0.01124630,0.02769286,0.02749477,0.03107558,0.01958711,0.01453882,0.02056729,0.00677419,0.04106327,0.02486695,0.00585676,-0.01347370,-0.00333403,0.00995621,-0.00444742,-0.00618095,-0.02435644,0.03569095,0.01693440,-0.00824978,0.01073700,-0.01045276
2016-03,0.14063489,0.11028948,0.11483071,0.11377643,0.08278105,0.09275903,0.08108548,0.10733866,0.09326216,0.05561502,0.06972409,0.06339380,0.08157550,0.05778601,0.08005435,0.07234280,0.06216817,0.07183939,0.06904975,0.05926089,0.07417460,0.04977243,0.06421523,0.04649816,0.03752100,0.10520856,0.13058943,0.10270590,0.14263652,0.08456553,0.08617770,0.09325079,0.09617502,0.10068998,0.05196802,0.07335204,0.06681508,0.07273680,0.05837550,0.08081392,0.06777051,0.06824161,0.07216608,0.07133479,0.05544718,0.07636170,0.04517419,0.07239104,0.04818692,0.03152272
2016-04,0.13744820,0.00678400,0.01392125,-0.00143010,0.04096550,0.04289215,0.02823315,0.06377668,0.01036840,0.02866575,0.01542850,0.00527953,0.00054440,0.00733435,0.02076340,-0.00973584,0.00038465,-0.00888263,-0.00162905,0.01319985,-0.00908350,-0.01068990,-0.00925600,-0.02246065,-0.00863760,0.05763195,0.09544220,-0.02725080,0.02473110,0.04713440,0.04435960,0.02900450,0.05167842,0.01962295,0.02866575,0.00360130,0.01477850,-0.00223189,0.01206330,0.02076340,-0.01776889,0.00253870,-0.01168700,0.00614490,0.01356740,-0.01489455,0.00444185,-0.01211610,-0.02594920,-0.01160965
2016-05,-0.00045605,-0.01273230,-0.03989228,0.01077663,0.02458427,-0.00603165,-0.00420410,0.00794820,0.00449229,0.00111967,0.01901314,0.03216074,0.00488733,0.01536549,0.01457346,0.04604080,0.01517869,0.01489854,0.01286086,0.01520418,0.03224837,0.04935913,0.01886460,0.03315632,0.01235468,0.02637052,-0.03400952,-0.04030238,0.00295851,0.02684005,-0.00851123,-0.01543982,0.01671067,0.00972199,0.00111967,0.01601052,0.03283557,0.01136192,0.01010799,0.01457346,0.04860268,0.02360633,0.00199166,0.02557110,0.00409798,0.02616378,0.05034787,0.03455763,0.01999919,0.01317532
2016-06,-0.04422374,-0.00927040,0.01383643,-0.01640880,-0.01546427,-0.02160666,-0.02968131,0.02719893,-0.01849172,-0.00742218,-0.01541816,-0.00370523,-0.00357312,-0.02004121,-0.01714271,-0.00761901,0.01333418,0.04134854,0.01014133,0.02260548,-0.00354494,0.03382238,0.03564419,-0.00430582,0.01423215,-0.04178647,-0.01256998,-0.00470698,-0.00626500,-0.00891440,-0.01922768,-0.01182065,0.01779209,-0.02905712,-0.00742218,-0.00301232,-0.00597517,-0.01256043,-0.02227390,-0.01714271,-0.00144037,0.02428891,0.01816654,0.02301153,0.01502454,0.00356655,0.03054642,0.02539959,0.00797567,0.00520830
2016-07,0.06681024,0.07292146,0.08398112,0.07073933,0.06414772,0.05702508,0.04928712,0.04443592,0.04027509,0.03887466,0.02398910,0.05156488,0.03351389,0.04544359,0.04479355,0.04237830,0.02671386,0.00756513,0.02596152,0.03671861,0.02093277,0.03465276,0.02717301,0.00049369,0.02707556,0.06186652,0.08887035,0.09437893,0.06203845,0.05312815,0.05148163,0.04673474,0.04770936,0.04476352,0.03887466,0.01512451,0.05387346,0.03490176,0.04974064,0.04479355,0.02934102,0.02946710,0.01938772,0.00132456,0.05947108,0.00730581,0.04865773,0.01922972,-0.00518363,0.03485239
2016-08,0.00615251,0.00982642,0.02579185,-0.01131949,0.02947134,-0.02444135,0.07842518,-0.02537806,-0.00654768,0.00586908,0.00275152,-0.00507177,-0.00361664,-0.00326231,0.01917226,0.00745083,-0.03442447,-0.01430408,0.01483658,-0.02971851,-0.00500393,-0.00212754,-0.02661787,0.01559004,-0.00413071,-0.00808078,0.02203090,0.00970602,0.00445535,0.03133318,-0.02517081,0.03854597,0.00074457,0.00639982,0.00586908,0.00072498,-0.00570388,-0.00872636,0.00407300,0.01917226,-0.00927741,-0.03203731,-0.00039702,0.01389027,-0.02838169,-0.00722100,0.00051960,-0.02619112,0.00732084,0.00146899
2016-09,0.00962018,0.01069748,0.00080313,0.00814112,0.01157081,0.00085278,0.01632392,0.01006267,0.02169703,0.00389565,0.00268486,-0.00387930,-0.01240113,-0.00040157,-0.01364588,0.01425388,-0.01369926,0.00307000,-0.00177964,0.00134134,-0.00060632,0.00392856,-0.00587884,-0.02483946,-0.00691160,0.00512840,0.00557725,-0.02057484,0.01654989,0.03142422,0.00439630,0.00256864,0.02800743,0.01402957,0.00389565,-0.00043684,0.00103953,-0.01303115,-0.00231943,-0.01364588,0.01373951,-0.00448262,-0.00210213,-0.00466563,0.00159457,-0.00161403,-0.00013341,-0.00067583,-0.02546769,-0.00735460
2016-10,-0.04579695,0.01635610,-0.02510650,-0.02297300,0.02744235,-0.03783465,-0.01932995,0.00496210,-0.00603230,-0.02440770,-0.03465880,-0.04045405,-0.02971745,-0.04691358,-0.02413016,-0.04009065,-0.02944815,-0.04534980,-0.02309535,-0.02019860,-0.03120185,-0.03525175,-0.03686630,-0.00890910,-0.01422625,-0.02876381,0.01749875,-0.04081815,-0.01899370,0.02014725,-0.04839610,-0.01029540,0.00000315,0.00403490,-0.02798905,-0.04475325,-0.03263568,-0.03436435,-0.03921474,-0.02413016,-0.04379510,-0.02523200,-0.04358320,-0.02612490,-0.01944735,-0.02848725,-0.04395090,-0.02270825,-0.01708260,-0.01422625
2016-11,0.09212127,0.06450599,0.13965429,0.07182561,0.09317736,0.10624833,0.07724698,0.10344105,0.11863416,0.05746516,0.04184384,0.06440367,0.05720314,0.06245560,0.04269466,0.02386677,0.03005567,0.02894787,0.02574083,0.01879653,0.02299620,0.00771535,-0.04701657,-0.00090510,-0.00867263,0.10349455,0.08843620,0.09418299,0.08686036,0.08708558,0.13615671,0.04173818,0.12328974,0.10223645,0.06080472,0.02867814,0.07755036,0.05131959,0.06895154,0.04269466,0.01934940,0.03656703,0.02588266,0.02696878,0.01847287,0.02686585,0.00861228,-0.04008072,-0.01182394,-0.00867263
2016-12,0.00961645,-0.00235134,0.00295777,0.01303648,0.02639018,0.00818399,-0.00518413,0.02389081,0.00119430,0.01691886,0.00890333,-0.01129309,0.00859890,0.00891944,-0.00330398,-0.00147171,0.01554476,-0.00127993,0.02000880,0.02120212,-0.00947924,0.02135881,0.04542371,0.02698260,0.02934692,0.01659590,-0.00405661,-0.00077607,0.01345341,0.02420602,0.00419030,-0.00420776,0.02422415,0.00845535,0.01139469,0.01316404,-0.02351642,0.01341942,0.01242885,-0.00330398,-0.00183986,0.01035525,0.00663419,0.01995010,0.01894430,-0.00706731,0.03004450,0.04354286,0.01751369,0.02934692
2017-01,0.01039763,0.00513419,0.03314887,0.03673392,0.02120351,-0.00247013,0.02998076,0.00882995,0.01385538,0.00889576,0.03252419,0.03955199,0.03143737,0.03255746,0.01987182,0.00472231,0.02914124,0.01082501,0.03108476,0.00742540,0.02714061,0.01716032,0.02106925,0.01772665,0.02188540,0.03551889,-0.01405922,0.03648022,0.03084646,0.01819335,0.00635225,0.01978415,0.01322917,0.01319354,0.00621985,0.03556009,0.03989647,0.02930318,0.03132182,0.01987182,0.00565054,0.02889252,0.01152160,0.03233057,0.00474468,0.02677212,0.01931644,0.02073112,0.01611388,0.02188540
2017-02,0.00237786,0.06069571,0.03470532,0.02277287,0.03732708,-0.00834578,0.00453392,0.02602570,0.03310112,0.04488693,0.03207414,0.01321503,0.04606879,0.02686011,0.04143301,0.01719699,0.04023443,0.03309443,0.03874085,0.04143986,0.04083724,0.03231516,0.03402125,0.03970155,0.04353454,0.03098206,0.03146342,0.04070835,0.01534011,0.04055202,-0.00255227,0.00079409,0.01811708,0.03501962,0.04945238,0.02154985,0.02534664,0.04184494,0.03006612,0.04143301,0.02545520,0.02677540,0.03571389,0.04389200,0.03938368,0.04094280,0.02448504,0.03079298,0.05081948,0.04353454
2017-03,0.00247533,-0.02482562,0.00609292,0.00656784,-0.01761516,0.00962713,0.00347852,-0.01333289,-0.02403425,-0.01236354,-0.00538833,-0.00092177,0.00561147,-0.00752203,-0.00098082,0.00276370,0.00838403,-0.01762318,0.00824025,0.00284625,0.00828123,-0.00191579,-0.00087284,0.02059489,0.00853565,0.00653345,-0.02631281,0.00509257,0.00333240,-0.01695656,0.00415524,0.01249101,-0.01972889,-0.01875748,-0.01417806,-0.00358862,-0.00010793,0.00926779,-0.01369918,-0.00098082,0.00125660,0.01179593,-0.01684319,0.00808817,0.00045854,0.00938630,0.00256063,0.00075414,0.01383522,0.00853565
2017-04,-0.00060100,-0.01925725,0.02032980,-0.00705570,0.00025925,-0.00418705,0.01757110,0.01500975,0.01905840,0.02469185,-0.00305830,0.02423195,0.00700485,-0.00032650,0.00767155,-0.01856000,-0.01951558,0.01469935,0.02447385,0.00707875,-0.00111362,0.02409505,0.01120520,0.01217395,0.00562625,-0.00110224,-0.01257180,0.00446505,0.00264840,0.00026075,-0.01583110,0.02018420,0.02822990,0.01713625,0.02242480,-0.00818050,0.02798320,0.00640010,0.00164920,0.00767155,-0.02081921,-0.00424332,-0.00371410,0.02699210,0.01061155,-0.00193343,0.01915745,0.01027285,0.01194145,0.01258950
2017-05,-0.03914216,-0.04519229,-0.01285732,0.00575966,0.00499683,-0.03517728,0.01454135,0.01546866,0.02985588,0.00896564,-0.00590523,0.00771622,0.02570239,-0.00575928,0.02383454,-0.02039346,0.01191657,0.00892263,0.03193601,0.01985765,0.00242567,0.01818591,0.02521052,0.02993727,0.01865881,-0.03606986,-0.03137398,-0.02324293,0.00518166,-0.00083543,-0.03025607,0.00353227,0.01867408,0.03590679,0.00540850,-0.00191696,0.00986433,0.01273171,0.00108698,0.02383454,-0.01090108,0.00184144,0.00378341,0.03738776,0.01987647,0.00185174,0.02157189,0.02810229,0.03843767,0.00445725
2017-06,0.02104458,0.03921246,0.01035159,0.00803662,0.02911309,0.04521752,0.01098794,-0.00935428,0.01785615,-0.00179540,0.00988977,0.01152845,0.01014847,0.02258008,-0.00005242,0.02005228,-0.02039529,-0.00533285,0.01949599,-0.00734689,0.02513163,0.00118235,0.00842036,0.00513380,0.02081781,0.01820828,0.05352975,-0.00217701,0.01102256,0.02709197,0.03348955,0.02341810,-0.01001927,0.01546593,0.00028322,0.00997353,0.01466861,0.00798417,0.02132837,-0.00005242,0.00335560,-0.01588890,0.01265480,0.01252031,-0.00710890,0.03138396,-0.00446477,-0.00035489,0.01222806,0.02190479
2017-07,0.01077384,0.01295818,-0.00091305,0.02716505,0.00897352,0.00509575,-0.00516355,0.02115375,0.00841226,0.01447708,0.01384535,0.00548697,0.02694281,0.01323211,0.02244240,0.01698804,-0.00018905,0.00667675,0.01265718,0.02761184,0.03650375,0.03816973,0.01665665,0.00732174,0.04273954,0.00530484,0.01688434,0.00861210,0.01780528,0.01055609,0.00138888,0.00357851,0.01775370,0.00801323,0.01279046,0.01185429,0.01037166,0.02250898,0.01488512,0.02244240,0.02880093,-0.01052908,-0.00069021,0.01335571,0.03299710,0.03064680,0.04195260,0.02970125,0.00922700,0.03055497
2017-08,-0.06747155,-0.03687989,-0.02417902,-0.02639020,0.00192063,-0.00857679,-0.02349293,-0.01649092,0.01587742,0.01238396,-0.01975386,-0.00408143,-0.02269788,0.00821233,-0.00582823,0.01246172,-0.01210934,-0.01735114,-0.00822925,-0.00251174,0.01144797,-0.01345157,0.00001014,-0.00642640,0.01110786,-0.06537208,-0.03870836,-0.02114759,-0.02636624,-0.00072155,-0.02294520,-0.00920364,-0.01301235,0.01540330,0.00891594,-0.01895475,-0.00504719,-0.02153534,0.00671285,-0.00582823,0.00425884,-0.00702583,-0.02334739,0.00074570,-0.00332951,0.00711334,-0.00521030,-0.00490548,-0.00421534,0.01039846
2017-09,0.00618531,0.02515933,0.03073699,0.01798623,-0.00002151,0.07232446,0.01633595,-0.00135498,0.00635510,0.02213421,0.03604826,0.01622984,0.01256970,0.01553409,0.02136137,0.04619951,0.05026546,0.01490212,0.03942045,0.02736837,0.05889865,0.03536803,0.05492356,0.07303870,0.02870652,-0.00216685,0.03613502,0.02281810,0.01971659,0.00253937,0.06612339,0.01850842,0.00435156,-0.00215643,0.02746789,0.03229374,0.00377111,0.02819318,0.01633572,0.02136137,0.06017902,0.04868801,0.01176236,0.03525414,0.02300447,0.05877960,0.04447691,0.05197972,0.05914122,0.03562954
2017-10,-0.05702767,-0.02778855,-0.03122930,0.00168885,-0.03171035,-0.02708030,0.01264435,-0.00400550,0.00654800,-0.00320595,0.02696570,0.01822130,0.02773080,0.01854820,0.00507930,0.00176720,0.01796260,0.01406845,0.02762465,0.03826078,0.04405510,0.03301175,0.03822630,0.04597705,0.05490440,-0.04255390,-0.04873700,-0.02314055,-0.00151675,-0.03084250,-0.02995255,0.01724625,-0.00326780,0.00434735,-0.00347265,0.02401125,0.03220470,0.01670185,0.01854820,0.00507930,0.00460320,0.01332470,0.01321285,0.02876435,0.03994722,0.04391162,0.04782185,0.03104330,0.04334355,0.05006145
2017-11,0.05677641,0.07970816,0.04113960,0.06887111,0.04611587,0.06185858,0.05619930,0.04954352,0.02717617,0.04190992,0.06193624,0.02603473,0.03194975,0.00962088,0.03816413,0.04595893,0.02219377,0.02713586,0.03783093,0.02306707,0.04834879,0.01883476,0.00710132,0.02916336,0.01627159,0.03275229,0.08283651,0.03423259,0.08845935,0.05542245,0.06732085,0.04349732,0.05909385,0.03059716,0.03651205,0.06251426,0.02024368,0.03769093,0.00962088,0.03816413,0.03909675,0.01651752,0.03410911,0.04396524,0.02219865,0.05367268,-0.01193847,0.02987851,0.02906672,0.01909126
2017-12,0.04132832,0.02244044,0.03038960,0.04836539,0.01466864,0.03230472,0.01440914,0.03782287,-0.00736640,0.00159660,0.00363543,0.00369918,-0.00644478,0.00917109,0.02486179,0.00440484,0.00281887,0.01079595,0.00063726,0.01346539,-0.00131691,0.01181403,0.00207425,0.01042226,0.00009236,0.05555172,0.00214671,0.03790666,0.04068764,0.02120383,0.01357279,0.03004971,0.03358203,-0.00202952,0.00296779,0.00789251,-0.00228497,-0.00484099,0.00917109,0.02486179,0.00800945,-0.00637326,0.01720094,0.00633302,0.00598453,-0.00183445,0.00196127,0.01632208,0.00387402,0.00280792
2018-01,0.04589784,-0.00657616,0.01517114,0.05304831,0.01661912,0.06873094,0.00519538,0.02044444,0.03188469,0.04100615,0.04410783,0.03365110,0.01771325,0.04650351,0.05711567,0.04044750,0.05323789,0.05328014,0.05740405,0.07652803,0.06557306,0.05591709,0.04874285,0.09541604,0.08628850,0.02731785,0.00319838,0.05203727,0.01802171,0.02599680,0.03110077,0.03896984,0.02095528,0.03298599,0.04277190,0.03824087,0.03536458,0.02226056,0.04650351,0.05711567,0.02892951,0.06091632,0.05850330,0.06108359,0.07154303,0.05908527,0.07459711,0.04207514,0.10498438,0.07279681
2018-02,-0.03117300,-0.05547184,-0.06493107,-0.07480904,-0.05398276,-0.05142477,-0.05218583,-0.06435530,-0.04773456,-0.06758184,-0.03927451,-0.04874307,-0.04618827,-0.03701443,-0.05445791,-0.03562767,-0.02741656,-0.03417853,-0.01583686,-0.04503478,-0.03436950,-0.03167068,-0.01232041,-0.02520500,-0.00766659,-0.04723662,-0.04464593,-0.05790919,-0.07324887,-0.05632583,-0.04258877,-0.06266377,-0.06190185,-0.04591971,-0.06968820,-0.02903740,-0.04729027,-0.05910322,-0.03701443,-0.05445791,-0.05226248,-0.01095390,-0.03576417,-0.01478210,-0.04348665,-0.03304939,-0.01994696,-0.02655692,-0.02412539,-0.00778283
2018-03,-0.02906754,-0.01538342,0.00035824,-0.01884322,-0.02443671,-0.00686566,-0.00066064,-0.00333157,0.00360436,-0.00970224,0.00755297,0.02121189,0.01214441,0.00237403,-0.02151485,-0.00616558,-0.00391134,-0.01262656,-0.01590840,-0.03398978,0.00112512,-0.02586322,0.00068565,-0.03050070,-0.04100774,-0.02027314,-0.01895632,0.00071666,-0.01627205,-0.03448194,-0.01021978,0.01189422,-0.01120691,0.00472167,-0.01282764,0.01295938,0.00784815,0.02031973,0.00237403,-0.02151485,-0.00315638,-0.00437262,-0.01505414,-0.01605712,-0.03330779,-0.00091311,-0.01233897,-0.01078339,-0.03072511,-0.04100128
2018-04,0.02395514,0.03107600,0.03961970,0.01406135,0.00683310,0.02494616,-0.00597100,-0.01377855,-0.01629175,0.00693390,0.00923100,-0.00298835,-0.00373620,-0.00432370,0.01737920,-0.01431835,0.00361770,0.00636080,0.00798050,-0.01423930,-0.00411319,-0.01160540,0.00610775,-0.01768275,0.01390185,0.02702319,0.03659795,0.02788425,0.01705340,0.00683310,0.01578774,0.01139725,-0.02205425,-0.00849430,-0.00125560,0.01876010,-0.01667495,-0.00447185,0.00078230,0.01668990,-0.01876380,0.01393290,-0.01220465,0.02219275,-0.01575585,0.00262310,-0.02063060,0.00563740,-0.01001665,0.00865820
2018-05,0.08174535,0.00268780,-0.01302183,-0.01032545,-0.00431565,0.00153647,0.02641954,0.01380903,0.01832142,-0.00847261,0.01006640,-0.00010129,0.00107180,0.00147912,0.03443472,0.00615936,0.03605370,-0.01320619,0.03853478,0.02300214,0.01189436,0.03394305,0.01350684,0.03192610,0.03601152,0.06729215,0.02825398,-0.02569006,-0.00864857,-0.00431565,0.00845958,0.02876146,0.00568495,0.01823041,-0.00968553,0.00010902,0.01509284,0.00299977,0.00458325,0.02518861,0.00558807,0.02883958,0.01390591,0.01568067,0.02640864,0.02208753,0.02427540,0.01918637,0.03530598,0.02595100
2018-06,0.08684791,0.05312845,0.04369105,0.04724663,0.02224410,0.02326870,0.03434646,0.00132488,0.03903292,0.02809752,-0.00551677,-0.00975062,0.00152151,-0.00440344,0.00089891,0.01092579,-0.01464626,-0.01333513,-0.00539973,-0.01375964,-0.00878882,-0.00885819,0.01288567,-0.00597875,0.00495012,0.09261698,0.04006024,0.05027568,0.04813757,0.02224410,0.01846036,0.03208001,0.01232231,0.03003485,0.03254849,-0.00787957,-0.01602684,0.01465263,-0.00493559,-0.00268107,0.00074393,-0.00070147,-0.01862200,-0.00811761,-0.00998618,-0.00652233,-0.01411994,0.01168448,0.00455766,-0.00148649
2018-07,-0.00653930,0.01880554,-0.01168831,0.01328791,0.03501322,0.01192200,0.04371890,0.04400950,0.01053232,0.05119659,0.05264986,0.03472542,0.03203388,0.04040926,0.03227961,0.03762953,0.04330213,0.06065020,0.03052360,0.04707787,0.04569988,0.06028918,0.02377268,0.02431982,0.03895968,-0.00203389,0.00749296,-0.01388089,0.02129930,0.03501322,0.00814857,0.05564981,0.02578444,0.01858483,0.05150309,0.04329284,0.04875063,0.01634130,0.04880158,0.03581548,0.02577718,0.04382951,0.06104440,0.03728827,0.05094492,0.04169602,0.05068935,0.03280287,0.01291102,0.05532967
2018-08,0.00794759,0.01411163,-0.01989962,0.04083890,-0.01259368,0.04774679,0.03375141,0.01714301,-0.00281969,0.02938721,0.02428473,0.01722275,0.04054511,0.04181347,0.01179995,-0.01097585,0.00356407,0.02347431,0.01890874,0.02585849,0.02050060,0.01375004,0.03092483,0.02457040,0.04395597,-0.00358581,0.03068479,-0.00363272,0.02043996,-0.01259368,0.04410378,0.03911786,-0.00839496,0.01900470,0.02971316,0.02718152,0.01380296,0.03752474,0.05026143,0.00628355,-0.00952318,0.00245280,0.01402296,0.02419522,0.02932238,0.04651359,-0.00943732,0.02670627,0.03553919,0.03288964
2018-09,0.03253250,0.00971930,-0.00064794,-0.00269950,-0.00948653,0.00121740,0.02587103,-0.00416898,0.00761561,0.02442041,-0.00472219,-0.00803134,-0.01470160,-0.00001254,0.01097017,-0.00701444,-0.02252209,0.00855546,-0.01044847,0.01649946,-0.00090706,0.00509519,0.01205293,0.03091239,0.00837477,0.03298359,-0.00229236,0.02148059,-0.01122106,-0.00948653,0.00152819,0.03178995,-0.00468749,0.00086721,0.02366480,-0.00213369,-0.01572191,-0.00472971,-0.00413951,0.01064468,-0.03210614,-0.00030058,0.00511543,-0.00623929,0.01674855,-0.00420929,0.00677782,0.00859915,0.02840874,0.01575231
2018-10,-0.06480886,-0.06942130,-0.08182495,-0.03781465,-0.05284560,-0.06490652,-0.04896305,-0.07432595,-0.06973815,-0.05257390,-0.06367060,-0.03654689,-0.08086400,-0.06425925,-0.05288040,-0.06470043,-0.07999060,-0.08307070,-0.07240160,-0.08714040,-0.10505262,-0.12929235,-0.06650574,-0.07276890,-0.08935845,-0.05726152,-0.05950510,-0.08892065,-0.04855985,-0.05284560,-0.05994943,-0.05506145,-0.07669330,-0.06647735,-0.05257390,-0.06152789,-0.05748050,-0.07573695,-0.05644970,-0.04827515,-0.05282914,-0.10285605,-0.07315290,-0.07389565,-0.08516355,-0.13172719,-0.09947440,-0.06841063,-0.07276890,-0.08935845
2018-11,0.05458054,0.05184440,0.01547096,0.00194333,0.01364816,0.03365987,0.03900723,0.04107586,0.06074868,0.03024451,0.02738648,0.01927186,0.05918740,0.04426743,0.02946661,0.03070491,0.02128565,0.01687507,0.04451571,0.02095554,-0.01690616,0.01674005,0.00842783,0.00388995,0.03332138,0.04224542,0.03494139,0.02334022,0.02244020,0.01364816,0.03525072,0.02655795,0.05839539,0.05449724,0.03024451,0.02576433,0.01336237,0.06260058,0.04531617,0.03239644,0.03581068,0.01342547,0.02064253,0.04034623,0.02324061,-0.02599956,0.00561828,0.02803026,0.00388995,0.03332138
2018-12,-0.14844014,-0.12851142,-0.10374098,-0.10090174,-0.09074998,-0.15071282,-0.09913576,-0.08504933,-0.10207525,-0.09341725,-0.11315999,-0.09884983,-0.10011774,-0.09977794,-0.09059366,-0.09684040,-0.08626343,-0.09154039,-0.08570923,-0.07483590,-0.08142104,-0.09478752,-0.08695571,-0.09059177,-0.08084320,-0.13212373,-0.13884025,-0.11220449,-0.09919366,-0.09074998,-0.14624484,-0.10487613,-0.08450950,-0.10142898,-0.09341725,-0.11377700,-0.10110045,-0.10357997,-0.09854416,-0.08634408,-0.09115291,-0.10076734,-0.08671423,-0.07964562,-0.07720757,-0.08928595,-0.08725927,-0.08590568,-0.09059177,-0.08084320
2019-01,0.14101887,0.09252082,0.11481145,0.09478673,0.09970400,0.13597149,0.08104796,0.11218405,0.11774108,0.08684513,0.11192201,0.11695493,0.09908988,0.09594505,0.05555314,0.09455547,0.09775093,0.09420689,0.07973661,0.04841212,0.05631654,0.10852598,0.09301357,0.07684699,0.09578540,0.11054943,0.11589757,0.10636761,0.10726352,0.09970400,0.13052404,0.09404889,0.09421267,0.12748592,0.08684513,0.11365641,0.11525955,0.09570526,0.09773276,0.05797950,0.07367785,0.11892005,0.10273063,0.07253947,0.04889815,0.08117399,0.09073419,0.08275742,0.07684699,0.09578540
2019-02,0.03783003,0.02098384,0.04562183,0.01959768,0.00494766,0.03881126,0.01428206,0.01868422,0.02869607,0.01802818,0.03991177,0.04270670,0.03635868,0.02721872,0.02093671,0.04725626,0.05437869,0.06392362,0.04643946,0.05215071,0.04454343,0.06890208,0.03554948,0.04253287,0.03871615,0.03071875,0.03430939,0.03263809,0.02601125,0.00494766,0.03847435,0.01500884,0.01927938,0.02748445,0.01802818,0.03574948,0.03908758,0.03829091,0.03320815,0.02081126,0.03744841,0.08435159,0.04811999,0.04426847,0.05101609,0.04323122,0.04611184,0.05939000,0.04253287,0.03871615
2019-03,-0.01490640,0.02353401,-0.00085719,0.00812770,0.01676369,-0.02010178,0.02764542,0.01983110,0.01115564,0.01238239,0.01531788,0.02794547,-0.00986309,0.00944922,-0.00502849,0.01937207,0.02642357,0.01763832,0.01124790,0.03109618,-0.01246114,-0.00194643,0.02374966,0.01228042,0.01367290,-0.00957993,0.02026447,0.00017168,0.00463663,0.01676369,-0.01390682,0.01873353,0.02538848,0.00853792,0.01238239,0.01663773,0.03388825,-0.01442731,0.00379112,-0.00150602,0.02625960,0.02710955,0.00783808,0.01751478,0.02762172,-0.01384424,0.00956425,0.01267218,0.01228042,0.01367290
2019-04,0.03971224,0.05255010,0.05758485,0.05951075,0.06230985,0.01830152,0.05339540,0.07727140,0.06911540,0.04919090,0.06152280,0.04446215,0.04084200,0.02140500,0.03064335,0.02887800,0.02343715,0.04159720,0.01507785,0.03306370,-0.01055390,0.02465685,0.00596930,0.00861611,0.00930795,0.02438552,0.05493060,0.07401535,0.06010445,0.05899820,0.02154486,0.03783640,0.05390790,0.09927415,0.05454915,0.05641890,0.05507670,0.02957000,0.02638115,0.03142855,0.01655333,0.03343380,0.04509980,0.01451950,0.03306370,-0.00192476,0.01667010,-0.00002135,0.01023283,0.01276970
2019-05,-0.13549503,-0.10949868,-0.10458557,-0.09646643,-0.11537422,-0.09687753,-0.12236674,-0.10148411,-0.06097978,-0.07501261,-0.06220871,-0.03777787,-0.06896363,-0.09535596,-0.07482117,-0.09199839,-0.06144031,-0.03141380,-0.02530841,-0.04102188,-0.03036412,-0.02849095,0.00204837,-0.02762683,-0.01602433,-0.15064244,-0.09807478,-0.09427487,-0.10081017,-0.11797490,-0.08613015,-0.10957741,-0.12844650,-0.06125428,-0.07291455,-0.06108087,-0.03956920,-0.07081270,-0.09586260,-0.07194976,-0.09157555,-0.05681980,-0.03626613,-0.02593491,-0.04102188,-0.05440809,-0.00366216,-0.00403054,-0.01767403,-0.01884828
2019-06,0.11445255,0.10595924,0.09976039,0.09886307,0.06768510,0.08588740,0.08831215,0.07864361,0.06395713,0.07946812,0.06921713,0.08335698,0.06824863,0.10101913,0.07452491,0.07654121,0.07129896,0.05925487,0.07277274,0.07418185,0.03260817,0.04783160,0.04963248,0.05239087,0.04140345,0.11163231,0.11331307,0.09515554,0.09762583,0.06919285,0.07868515,0.08141906,0.09817928,0.06793712,0.07096007,0.07269119,0.07940813,0.07108645,0.10265507,0.07039493,0.08773027,0.06219096,0.05402054,0.07615375,0.07418185,0.05114902,0.03263018,0.04894360,0.05034733,0.04066270
2019-07,-0.03967659,0.01515971,0.00833413,0.00002864,0.01516155,0.00502373,0.01071863,0.02552339,0.02402354,0.02321945,-0.00398993,0.00186252,-0.00341576,0.02222930,0.02389537,0.02025289,0.00198504,0.01879365,0.00831257,-0.00349893,-0.00470981,0.01832584,0.01264606,0.00887432,0.02370421,-0.01582268,-0.00192481,0.00130113,-0.00085383,0.01554043,0.01541065,-0.01307517,0.03921469,0.01591986,0.03090309,-0.01921618,0.01539356,-0.00756746,0.03238491,0.01984156,0.01956662,0.00530312,0.01957441,0.00510515,-0.00349893,0.00115683,0.01069496,0.01225815,0.01301626,0.02219103
2019-08,-0.12286466,-0.04629837,-0.06405106,-0.06199351,-0.04727133,-0.08594074,-0.04002952,-0.05385526,-0.04122182,-0.02172580,-0.05564073,-0.03989256,-0.02115908,-0.01541398,-0.00988006,-0.06303369,-0.04679117,0.01133951,0.01393794,0.01391060,-0.00500949,0.01422613,0.04139461,-0.00313729,0.00101034,-0.10945524,-0.05820543,-0.05317374,-0.06669356,-0.05528359,-0.05403917,-0.04600558,-0.08085571,-0.03969914,-0.02289683,-0.05231721,-0.04358990,-0.01976436,-0.02373535,-0.00266786,-0.07308370,-0.03168295,0.00317561,0.01799311,0.01391060,-0.00741175,0.01505409,0.03769542,0.00551353,-0.00040904
2019-09,0.09981100,0.06080524,0.04984359,0.05638197,0.03501252,0.06546767,0.04722805,0.04218805,0.02971911,0.04203900,0.05899431,0.03350421,0.03448422,0.03561501,0.02299775,0.03952520,0.03742645,0.01089543,-0.00043071,-0.01065465,0.03459407,-0.00947642,0.00133481,0.00048955,-0.01443955,0.09743386,0.06193030,0.05652554,0.04867472,0.03661728,0.04884290,0.06614847,0.03266248,0.03712191,0.04126465,0.06015843,0.03144590,0.03630189,0.03322121,0.02484375,0.04509308,0.02556029,0.01831755,-0.00219000,-0.01065465,0.03247118,-0.01101291,0.00325777,-0.00338019,-0.00971993
2019-10,-0.03962390,0.02059325,0.02724010,0.03992620,0.03766835,0.04592360,0.01408505,0.01717825,0.02921355,0.05053855,0.01570670,0.01986645,0.00900979,0.01207455,0.02656935,-0.00412280,0.01414750,-0.01825800,-0.00519700,0.01126890,0.02996475,-0.00189542,-0.01911180,0.00026180,-0.00706430,-0.00925645,-0.02413095,0.02665745,0.04330645,0.04922750,0.04551840,0.01983575,0.01183275,0.03180740,0.04794470,0.02945650,-0.00679305,0.02246995,0.00674950,0.03201695,-0.00498945,0.00882165,-0.00542690,-0.01183560,0.01126890,0.02419830,-0.00010621,-0.01345375,-0.00195705,-0.00643680
2019-11,0.04847964,0.01990239,0.05596775,0.05743126,0.04656931,0.05120636,0.04051333,0.01862167,0.06159312,0.05547227,0.03174889,0.03355514,0.03317959,0.03840832,0.03903224,0.04015360,0.03984782,0.05052050,0.01543708,0.02531050,0.01084247,0.01487061,-0.00641352,0.01473476,0.02240538,0.02420159,0.02915525,0.04282837,0.08733439,0.04278877,0.04182050,0.04616087,0.02251642,0.05834922,0.05865107,0.02733636,0.03966827,0.02164489,0.05473268,0.03250735,0.02618779,0.05105072,0.04569346,0.02261858,0.02531050,0.01194148,0.01244165,-0.00704104,0.01640318,0.02263458
2019-12,0.04861062,0.03754693,0.05855489,0.06340291,0.02955932,0.04071752,0.03199206,0.03914683,0.02222188,0.02495838,0.01493359,0.00962368,0.02732069,0.06044000,0.02802856,0.00187656,0.01020863,0.02341180,0.02354278,0.02603313,0.01055549,0.00506320,0.01073045,0.01454157,0.02715883,0.03581273,0.07075040,0.04649281,0.05303695,0.03293077,0.03791414,0.03938675,0.03456946,0.02220287,0.02483919,0.01761787,0.00791639,0.02865000,0.05540071,0.03021967,0.01001243,0.01438585,0.01013809,0.02436001,0.02603313,0.00141400,0.01095601,0.01238019,0.01699222,0.02685279
2020-01,-0.07747634,-0.08704198,-0.06315742,-0.08747156,-0.07915933,-0.04508278,-0.03197359,-0.05068471,-0.02598855,-0.02425053,-0.02660468,-0.01803225,0.00627748,-0.03483461,-0.00882223,0.01755933,-0.02848235,-0.00176749,0.01442410,0.00587154,0.02793666,0.05983814,0.02285622,0.03812766,0.01947785,-0.06760001,-0.10294473,-0.06305868,-0.07757863,-0.08321264,-0.03552839,-0.03637547,-0.05649368,-0.03021387,-0.02059055,-0.02439882,-0.01252260,-0.00059962,-0.03905820,-0.00474299,0.00752105,0.01626342,-0.01895311,-0.00425947,0.00587154,0.02783777,0.05243735,0.02629095,0.04317674,0.01807879
2020-02,-0.09293697,-0.13705388,-0.13207740,-0.08989949,-0.05632883,-0.08924643,-0.11280830,-0.09619852,-0.07974308,-0.09642908,-0.12144325,-0.07513542,-0.08202267,-0.09576110,-0.08782796,-0.09484176,-0.08167371,-0.08052389,-0.07154230,-0.07622839,-0.08816152,-0.08214262,-0.06977620,-0.06641666,-0.08705557,-0.09520238,-0.13364419,-0.12028843,-0.09310426,-0.06811790,-0.09602323,-0.10242600,-0.09961337,-0.07716832,-0.09779723,-0.12246864,-0.06051997,-0.09019301,-0.09760210,-0.08861504,-0.08945157,-0.08940810,-0.07767669,-0.07163391,-0.07622839,-0.08598714,-0.07719725,-0.07172563,-0.06823305,-0.09060781
2020-03,-0.36425870,-0.32359884,-0.20257502,-0.16939015,-0.16787780,-0.26166018,-0.26564741,-0.23072461,-0.16681029,-0.15306092,-0.27165082,-0.17083485,-0.16924323,-0.22851944,-0.12276122,-0.18186148,-0.11693778,-0.18271241,-0.11719485,-0.09760604,-0.13916181,-0.11606120,-0.17585394,-0.09873653,-0.07372257,-0.28219063,-0.33875923,-0.25514582,-0.20235101,-0.14784199,-0.28028686,-0.22953697,-0.24802574,-0.17399839,-0.14732097,-0.26635525,-0.15108490,-0.17216847,-0.23347393,-0.13305349,-0.17851863,-0.12325275,-0.15025157,-0.14809628,-0.09760604,-0.12410577,-0.11773706,-0.18005618,-0.10855958,-0.07265908
2020-04,0.25647450,0.27142565,0.28503410,0.20333250,0.15945555,0.17297865,0.16660170,0.17263655,0.12840560,0.09143860,0.14183420,0.12639300,0.15871585,0.09826220,0.11289275,0.09465850,0.12138025,0.14296520,0.11354585,0.12943315,0.09498885,0.13550230,0.09610155,0.11076390,0.10529245,0.22751955,0.34719425,0.23188560,0.20041940,0.16870350,0.15170715,0.15946210,0.18534745,0.15663565,0.07890875,0.10403765,0.15970070,0.17374875,0.08071770,0.11989320,0.09227800,0.13243405,0.13089075,0.11694700,0.12943315,0.10652460,0.12114600,0.11170240,0.09429345,0.10898260
2020-05,-0.00129700,-0.00176880,0.03457521,0.04223602,0.02462084,0.02043350,0.04637232,0.04597859,0.05835415,0.03961926,0.02227547,0.03342215,0.06376741,0.06022831,0.04048035,0.04417254,0.08254002,0.06552641,0.06622982,0.06336695,0.08227258,0.09029925,0.04840135,0.05932313,0.05136501,0.02120222,-0.00329870,0.02252547,0.04385728,0.01535413,0.01739586,0.05691034,0.04127986,0.04940989,0.04538926,0.02958725,0.03610821,0.05434956,0.06240860,0.03784956,0.04383922,0.07609566,0.08158034,0.05622086,0.06336695,0.08639574,0.08306118,0.05733897,0.05140499,0.05376458
2020-06,0.04994590,0.02889041,0.02499574,0.04581451,0.00660875,0.03276987,0.00175258,0.03247204,0.02891490,0.00203204,0.01792468,0.02516785,0.02092860,-0.00190979,0.02262944,-0.00588834,0.00364415,-0.01670347,-0.00952643,-0.00189271,0.01029600,0.02407757,0.01306170,-0.01370229,0.01362182,0.02756872,0.04941027,0.02076676,0.03507635,0.02264049,0.02861546,0.01135192,0.02873041,0.02634644,0.00279098,0.02108058,0.02137823,0.01824934,0.00362259,0.02057186,-0.00785064,0.00857261,-0.01387655,-0.01591714,-0.00189271,0.01455286,0.03056423,-0.00518352,-0.00892659,0.01581606
2020-07,0.03843527,0.02741611,0.05176782,0.00048615,-0.00969967,0.02439721,0.02699377,0.04548355,0.02221893,0.05927342,0.03001362,0.08131621,0.05384093,0.02893960,0.03802259,0.05199778,0.06995442,0.03823133,0.03696981,0.05228188,0.08070703,0.07409930,0.06816775,0.09328874,0.06723581,0.04264184,0.04680055,0.02370761,0.02293806,-0.02891222,0.03413888,0.03665337,0.04202650,0.00272021,0.06378118,0.04164970,0.07654389,0.05203727,0.02411833,0.03642202,0.05501595,0.07113833,0.03289367,0.03811938,0.05228188,0.06992027,0.08637768,0.07168570,0.08801068,0.06726152
2020-08,0.09059158,0.04252434,0.03315451,0.04315867,0.04287692,0.04016802,0.10371773,0.04927798,0.03246555,0.05633640,0.04615732,0.02249271,0.05308549,0.03543940,0.09396159,0.01588262,0.01962339,0.03333410,0.05441022,0.08524612,0.02246079,0.04948832,0.02023025,0.01972301,0.06879093,0.06933347,0.05729368,0.04617733,0.04398823,0.03322623,0.03574146,0.08211397,0.05865625,0.05800545,0.04561232,0.04448953,0.02337933,0.04979163,0.04317930,0.09158139,0.01425448,0.01290935,0.04400605,0.05260834,0.08524612,0.03291940,0.03158116,0.04162127,0.00692397,0.06825430
2020-09,-0.03791523,-0.08588856,-0.09140479,-0.06554782,-0.05060828,0.00093587,-0.01100978,-0.02428026,-0.02743898,-0.02833200,-0.04816550,-0.01494063,-0.01319938,-0.02443231,-0.02363201,-0.01389156,-0.00576855,-0.01497914,-0.01485219,-0.01857099,-0.02078775,-0.01469893,-0.01430025,-0.01258282,-0.02332289,-0.03660590,-0.10089734,-0.06382301,-0.06457170,-0.06326434,0.01531004,-0.01713417,-0.01521735,-0.03702262,-0.03583894,-0.05538274,-0.01301783,-0.01043488,-0.02276778,-0.02359720,-0.01379571,-0.00471190,-0.01719488,-0.01376567,-0.01857099,-0.01658234,-0.01872070,-0.02791168,0.00147438,-0.02295714
2020-10,0.04231114,-0.01549150,-0.01065040,-0.00130020,-0.00857780,0.01797410,0.01900465,-0.01402510,0.00144910,-0.01735575,0.02382386,0.00623370,0.02190935,-0.00813680,-0.05077735,-0.00075415,0.02780430,0.00486675,-0.03268015,-0.03410480,0.00823348,-0.02372585,-0.02882455,-0.05177375,-0.02985445,0.05791271,-0.01229875,-0.03345540,0.00253510,-0.00918250,0.01576345,0.01898035,-0.00620935,-0.00021385,-0.02127360,0.00148705,0.02640590,0.01492955,-0.00060000,-0.04805290,-0.00151735,0.03202330,0.00141095,-0.02552830,-0.04125665,-0.00128748,-0.03322615,-0.00537270,-0.05564470,-0.02993805
2020-11,0.36966805,0.25946666,0.27573570,0.21158215,0.26246475,0.19301711,0.17472214,0.15043321,0.16046860,0.17147255,0.10291273,0.12811635,0.13100369,0.10704187,0.12530412,0.11190287,0.10552565,0.09083125,0.12028109,0.09531230,0.06464847,0.06373412,0.08789519,0.05966925,0.08599396,0.32298493,0.29222160,0.25968844,0.21559596,0.29415579,0.19103349,0.16989266,0.13866401,0.17282904,0.17808133,0.12746846,0.09090659,0.14797041,0.11187187,0.11275999,0.12743129,0.09037456,0.09091663,0.12637855,0.08892855,0.07546560,0.06987249,0.07173583,0.06933044,0.07475738
2020-12,0.08732297,0.09332743,0.05852782,0.04512407,0.03645763,0.04824261,0.06800112,0.04444107,0.06596983,0.06443047,0.02063619,0.04452247,0.01549287,0.02449364,0.02981988,0.01530935,0.06045801,0.00419361,0.04682852,0.01177714,0.03423606,0.01884393,0.04948871,0.02730124,0.03590384,0.08162700,0.08997201,0.07397246,0.03592755,0.04191712,0.05910015,0.04803698,0.05350504,0.06373481,0.06694554,0.02018176,0.04297735,0.02035891,0.02179158,0.02974492,0.02042719,0.04958719,0.01053348,0.04966369,0.00832786,0.04172097,0.03407799,0.03075952,0.02198678,0.03684209
2021-01,0.03233285,0.04815494,0.00546060,-0.00985855,0.02597972,-0.01297171,0.00438004,-0.02301564,-0.03815619,-0.04052678,0.02385022,-0.00519681,-0.03286370,-0.03805726,-0.03341216,0.00762010,-0.01284132,-0.02525280,-0.00600312,-0.02661452,-0.00183895,0.00355207,-0.00558730,-0.01617723,0.00330465,0.04055288,0.03180705,0.01914496,-0.02197433,0.03069821,-0.01098327,-0.00246109,-0.02395127,-0.03018733,-0.04206856,0.02326473,-0.01173094,-0.02790407,-0.03442350,-0.03481869,0.01557773,-0.01819372,-0.02815297,-0.01257870,-0.01976474,0.00184689,-0.00800026,-0.00431439,-0.01558214,0.00882165
2021-02,0.22483471,0.15347845,0.16888696,0.17205591,0.13743368,0.09795128,0.13533430,0.11471146,0.12121989,0.10111318,0.07175359,0.06122718,0.02949218,0.02845384,0.04310207,0.00664948,0.02957284,0.02107111,0.05470513,0.01666439,0.00232361,-0.01031023,0.00741666,-0.01894993,-0.02477124,0.19291682,0.17269357,0.18011633,0.14597347,0.17249287,0.09430172,0.13139539,0.09671944,0.14824123,0.09997680,0.07307725,0.06767446,0.03088659,0.02145703,0.04147280,0.02528710,0.00514130,0.02785088,0.05664700,0.01415350,0.02571574,-0.01414171,-0.01627476,-0.01570102,-0.02439959
2021-03,0.01232859,0.06177034,0.04141376,0.00724910,0.06687573,0.08096882,0.07438878,0.03942395,0.04892463,0.05358486,0.07636699,0.07197810,0.06344542,0.06795244,0.07941434,0.09125816,0.04120293,0.08275161,0.04860282,0.04991401,0.05318888,0.07200219,0.03014119,0.03732790,0.01797145,0.03746855,0.01673689,0.02252191,0.04586245,0.05827691,0.08750559,0.05028674,0.07949895,0.02968343,0.05462740,0.07490757,0.07305061,0.05755742,0.07724067,0.07723382,0.07603973,0.05122509,0.08603848,0.05018793,0.04810926,0.05749579,0.05248020,0.03859721,0.03593135,0.02453402
2021-04,0.06428695,0.05578665,0.03395425,0.03498610,0.02122900,0.07356535,0.03360925,0.05138640,0.05033060,0.04010980,0.06426985,0.04949740,0.07082330,0.05842895,0.05148175,0.04963270,0.05819430,0.05839865,0.04197115,0.06137510,0.04608460,0.02455595,0.02797265,0.02905050,0.04000355,0.06095405,0.05089080,0.04484505,0.02600490,0.02771480,0.06268260,0.04415310,0.04785780,0.05568340,0.03862450,0.07264955,0.03709555,0.07337520,0.06612335,0.04525760,0.03433965,0.06203340,0.05225815,0.06228260,0.05865810,0.03386520,0.04217285,0.01619920,0.03050275,0.04492725
2021-05,0.01701864,0.01904637,0.01702124,0.02521330,0.02321973,0.02823946,0.05438869,0.01231537,0.02221433,0.01777262,0.02765043,0.02245077,0.00457864,0.02288083,0.01908322,0.02063919,0.01073835,0.00567858,0.02384131,0.01557098,0.01637001,0.00819092,0.00046098,0.02755895,0.00538160,0.01793901,0.01840745,0.01329349,0.03153462,0.02039661,0.04762600,0.02742013,0.01909401,0.02419214,0.01589646,0.02678049,0.01720342,0.02597709,0.00977736,0.01655203,0.02444706,0.01306816,0.00795680,0.01754012,0.01409736,-0.00605867,0.02834499,0.00369192,0.02552335,0.00633215
2021-06,-0.01921396,-0.02334129,-0.02589808,-0.01385614,-0.01512893,-0.03719720,-0.01748129,-0.01349241,-0.02063969,-0.00871183,-0.02666225,-0.01681227,0.00233200,0.01631655,-0.00633978,-0.01148972,-0.00658848,0.01656526,0.00808014,0.02424823,0.00887336,0.03510501,0.06102537,0.03244981,0.05899100,-0.02382617,-0.01697043,-0.04292290,0.00663971,-0.02011749,-0.03207434,-0.01774130,-0.01110895,-0.02784807,-0.00841768,-0.02293075,-0.02209498,0.00393732,0.00215390,0.00761246,-0.02699824,0.01402451,0.00454481,0.02069447,0.01705282,0.03240127,0.01633332,0.06225493,0.02200846,0.06361613
2021-07,-0.03932486,-0.00710917,-0.01140302,-0.02879659,-0.00964814,-0.01419347,-0.01879494,0.02205926,0.00527961,0.02462773,-0.00906890,0.01806309,0.02139874,0.01268363,0.01420555,0.00146479,0.02410190,0.05203421,0.02314834,0.05417161,0.05214913,0.04072323,0.04100361,0.01471827,0.02186208,-0.03874506,-0.01561385,-0.01352605,-0.02273540,-0.00564667,-0.02817678,-0.00150195,0.01295408,0.00540946,0.02985429,-0.00636800,0.01637194,0.01382085,0.01934347,0.01435643,-0.01355325,0.03256031,0.04069984,0.04261092,0.04977035,0.05209753,0.02774178,0.05550074,0.01210997,0.02306756
2021-08,-0.00230251,0.01850446,0.03598596,0.00604903,-0.00863098,0.01332716,0.05815959,0.01279618,0.02148084,0.01063478,0.01202524,0.03950947,0.01311169,0.01266742,0.02878365,0.00689020,0.02084925,0.04868679,0.02593567,0.04584957,0.04105242,0.02937614,0.03914724,-0.00696177,0.04366832,0.00079815,0.01546623,0.03671708,0.00420678,-0.00716096,0.02898664,0.04570076,0.00824097,0.02576597,0.00853801,0.02390302,0.03628428,0.00537176,0.01434615,0.02703241,0.02307376,0.01700636,0.03488873,0.03293442,0.04203672,0.04007706,0.02911862,0.03478691,-0.00527741,0.04682996
2021-09,-0.00042579,-0.04368519,-0.00570285,-0.00487601,-0.00140708,-0.02281254,0.00562977,-0.04672894,-0.01897605,-0.02942003,-0.04657312,-0.06071377,-0.00796856,-0.05625878,-0.05366311,-0.02965281,-0.06233950,-0.05257648,-0.06467942,-0.06055105,-0.05926371,-0.06028569,-0.06478304,-0.07114493,-0.05240576,-0.00130024,-0.04298552,-0.01094520,0.01243563,-0.01412964,0.00592100,-0.02159302,-0.03072561,-0.02977379,-0.03405886,-0.05023477,-0.03792969,-0.02170652,-0.05308831,-0.06240467,-0.02414856,-0.06704806,-0.05552507,-0.05668838,-0.06305250,-0.06407957,-0.05780265,-0.05996149,-0.07211519,-0.05384329
2021-10,0.01378224,0.00955290,0.06963935,0.03849140,0.01602585,0.01045540,0.03600255,0.05379685,0.06203710,0.04173280,0.01418505,0.07486175,0.05503540,0.09671345,0.06672365,0.06026435,0.06799280,0.05307860,0.04819230,0.07970020,0.03971371,0.09968055,0.06951845,0.06750405,0.07239280,0.01496095,0.01894980,0.05610165,0.04181490,0.01560550,-0.00830175,0.06325320,0.06155510,0.04321400,0.04430415,0.01261962,0.07837840,0.05530020,0.10187135,0.05942800,0.05925955,0.06295160,0.05537445,0.05194245,0.07970020,0.07235805,0.07734435,0.06191550,0.05866175,0.07689770
2021-11,-0.04128434,-0.01012294,-0.02087162,-0.04265930,-0.04211922,-0.06731736,-0.02849958,-0.03208384,-0.02671585,0.00266698,-0.04394930,-0.01781076,-0.01448947,-0.01978522,-0.00483349,-0.01980395,-0.02421656,-0.01015710,-0.02977658,-0.00863301,-0.02558354,-0.05055996,-0.00387187,-0.00074425,-0.03158068,-0.03920584,-0.03927163,0.00723857,-0.05460909,-0.03204053,-0.08460910,-0.01330024,-0.00012203,-0.05449115,-0.00184614,-0.05486836,0.00009647,-0.03604675,-0.00320876,-0.00781226,-0.02149043,-0.01847243,-0.01645431,-0.02757151,-0.00863301,-0.02644686,-0.04749437,-0.01384340,0.00830156,-0.03294040
2021-12,0.10059959,0.08655765,0.07805856,0.09904605,0.04499780,0.05839460,0.07214639,0.04736417,0.06971267,0.07324137,0.06956224,0.06037893,0.08114739,0.07198809,0.06156160,0.04958125,0.06150475,0.06302663,0.05296844,0.04652346,0.05497633,0.02968473,0.05261510,0.07724767,0.01031168,0.09918437,0.09021896,0.08300898,0.08265187,0.05452129,0.05602830,0.04525861,0.06466783,0.08045253,0.07500097,0.06899734,0.06367462,0.07471913,0.07444114,0.06269175,0.05227187,0.06135141,0.06051981,0.05296624,0.04652346,0.01872629,0.05034990,0.06676071,0.06063323,0.03054351
2022-01,0.02487864,-0.05152688,-0.01009404,-0.03460130,-0.03179722,0.02160476,-0.00331320,-0.05202700,-0.06564000,-0.05283590,-0.01476758,-0.07791024,-0.00115911,-0.03933531,-0.03284249,-0.03066535,-0.05495262,-0.05146476,-0.07209448,-0.06568664,-0.05336750,-0.08223690,-0.09831727,-0.10873702,-0.04123178,0.01498469,-0.03774480,-0.03310105,-0.01632167,-0.02951069,0.03185803,-0.01159491,-0.05424942,-0.06599488,-0.04962103,-0.01107208,-0.08555178,0.01464614,-0.06028227,-0.01949779,-0.04004688,-0.04682291,-0.04416364,-0.07773333,-0.06568664,-0.06176331,-0.07910283,-0.10913584,-0.09065925,-0.04470372
2022-02,0.01307328,0.00061330,-0.02790610,-0.02540262,-0.03039681,0.00847594,0.02294014,-0.02395574,-0.00454183,-0.04138862,0.03891280,-0.01657578,0.00484704,-0.00068609,-0.02783021,-0.01017772,-0.00074480,-0.02327088,-0.01510134,-0.02311378,0.01473056,0.01032102,-0.02163207,-0.01428299,-0.03690103,0.02315840,-0.01387244,-0.02885861,-0.01485275,-0.03649794,0.01774398,0.01710812,-0.01935329,-0.01406217,-0.03850206,0.03600139,-0.01372200,0.00756810,-0.00448353,-0.02582711,-0.00399337,-0.01113256,-0.01635840,-0.01881241,-0.02311378,0.03660673,0.00387074,-0.01079798,-0.04458550,-0.03251796
2022-03,0.06479006,0.03879392,0.05803777,0.06629160,0.03532391,-0.01517099,0.04148337,0.04710195,0.03848479,0.01561548,0.00219092,0.02241411,0.03056399,0.03065347,0.01732256,0.03983238,0.01763445,0.06412355,0.02829995,0.05754751,0.00074745,0.01992585,-0.00048174,-0.00654693,0.01665045,0.07265208,0.05403430,0.04530441,0.04939171,0.04207304,0.00072853,0.03833255,0.03080407,0.03894803,0.01765498,0.00439579,0.02060981,0.02171072,0.03603356,0.02037420,0.03175226,0.02668443,0.06299168,0.03072226,0.05754751,0.02322155,0.01212895,-0.02901808,0.01119237,0.01004727
2022-04,-0.03175438,-0.09649925,-0.07074245,-0.08597890,-0.13533760,-0.07711935,-0.06164925,-0.06048710,-0.04285830,-0.07198835,-0.03575271,-0.04518535,-0.05851330,-0.06234250,-0.07773620,-0.04543475,-0.07659300,-0.04645965,-0.04758521,-0.06611390,-0.03745576,-0.07691455,-0.04833790,-0.06356430,-0.05970035,-0.03219519,-0.10109995,-0.09322915,-0.06025230,-0.13351395,-0.08497600,-0.04726825,-0.06932180,-0.03713475,-0.07540155,-0.04478448,-0.03914570,-0.06921785,-0.05286895,-0.07306150,-0.04864175,-0.06904515,-0.05270905,-0.04192332,-0.06958415,-0.05339919,-0.04495770,-0.06660215,-0.06051630,-0.05970035
2022-05,0.00823704,0.03420070,-0.03946179,0.01430617,0.03134304,-0.02824405,0.00026742,0.00717140,-0.00082363,0.01607762,0.02748631,0.02495208,0.00577238,0.03906062,0.00481584,0.00187907,0.00522691,0.02560383,0.01682609,-0.00862378,0.00616390,-0.01347029,0.03239764,0.01370045,0.01557914,-0.00674348,0.04260168,0.00317474,-0.02249119,0.03244013,-0.03128396,0.01657768,0.00135647,-0.00921089,0.01675588,0.00584646,0.06285834,-0.01302608,0.04511550,0.00138905,0.00519272,0.02242498,0.01569365,-0.00027776,-0.00221776,0.03340368,-0.03575052,0.03148641,0.00958996,0.01557914
2022-06,-0.10451297,-0.08693003,-0.11091628,-0.09475871,-0.07208531,-0.14165850,-0.12313633,-0.07783273,-0.03889582,-0.08533561,-0.09890923,-0.10689179,-0.08187424,-0.10954261,-0.11428332,-0.06772520,-0.10386363,-0.10279431,-0.08781004,-0.05749943,-0.11218178,-0.08127735,-0.08893491,-0.11154216,-0.06299398,-0.10200543,-0.07359810,-0.13976556,-0.07748968,-0.07694547,-0.15031423,-0.10254634,-0.08572963,-0.04108781,-0.08752436,-0.08708639,-0.10488342,-0.10329030,-0.11180293,-0.10464808,-0.07529409,-0.11148445,-0.08834257,-0.08379877,-0.06112361,-0.12496879,-0.07687234,-0.08329776,-0.10754435,-0.06299398
2022-07,0.06168178,0.07649542,0.12562836,0.11427055,0.05838781,0.07853494,0.10493958,0.09621632,0.04654447,0.08604692,0.09151219,0.09793697,0.09645526,0.09783341,0.07456672,0.07175445,0.08577402,0.07177435,0.08728041,0.06584585,0.08060179,0.07549776,0.09223791,0.07926098,0.06553679,0.07052090,0.08342428,0.11226754,0.10422067,0.06538328,0.09123800,0.08937371,0.10310045,0.04399033,0.08543271,0.09191489,0.06793507,0.13156564,0.08744866,0.08164550,0.07063081,0.06900115,0.09421422,0.07702891,0.07029335,0.07351552,0.09537040,0.08276112,0.07696664,0.06553679
2022-08,-0.01568500,-0.06962529,-0.04621252,-0.05326031,-0.03311447,-0.07111645,-0.05642447,-0.04229273,-0.03222092,-0.06555166,-0.03185602,-0.03193507,-0.05225163,-0.02549299,-0.03470796,-0.02019565,-0.02948778,-0.02385430,-0.03049511,-0.02614778,-0.00494093,-0.02581490,0.00289739,0.00347411,-0.03941698,-0.00953546,-0.07805334,-0.04065083,-0.04778288,-0.04088030,-0.05660222,-0.06124424,-0.04869396,-0.03316216,-0.06578893,-0.04462097,-0.01256394,-0.05351754,-0.02934986,-0.03407291,-0.01464254,-0.02801922,-0.01851481,-0.04116089,-0.02820316,-0.00581379,-0.01015476,-0.01094880,0.00381155,-0.03941698
2022-09,-0.07625705,-0.10775419,-0.05858828,-0.08882814,-0.10446041,-0.13259736,-0.11620955,-0.09146989,-0.07384761,-0.09176158,-0.10075476,-0.09084081,-0.09389885,-0.09405441,-0.09394636,-0.09260739,-0.10205516,-0.09886042,-0.09017777,-0.09761321,-0.08589070,-0.08234065,-0.08005759,-0.07775654,-0.07885054,-0.07137974,-0.10270167,-0.11336408,-0.04364658,-0.10735658,-0.12681414,-0.11657963,-0.09332175,-0.07177806,-0.09560641,-0.08952952,-0.10636492,-0.09139336,-0.08055514,-0.10723189,-0.08838779,-0.11216476,-0.09456193,-0.08959324,-0.09669767,-0.09532189,-0.07808409,-0.07017374,-0.08233162,-0.07885054
2022-10,0.12920248,0.03797090,0.07332705,0.15038505,0.11518175,0.10354810,0.06357835,0.07458175,0.07619165,0.09014790,0.07209800,0.08854790,0.07536000,0.09290030,0.09020490,0.12117768,0.11251355,0.07113395,0.12255875,0.06828675,0.08351670,0.13769484,0.11855185,0.12236855,0.13419565,0.11245424,0.09305865,0.04032780,0.14115685,0.11990710,0.09790940,0.07962820,0.05788670,0.08213015,0.09049330,0.07961245,0.08448550,0.07190795,0.09290030,0.09020490,0.12064458,0.10019930,0.08427580,0.12223760,0.06828675,0.11197750,0.11950379,0.13342895,0.09631215,0.13419565
2022-11,0.11822989,0.09224107,0.08996735,0.05142996,0.08065512,0.06249901,0.06917816,0.09390539,0.12518965,0.07131797,0.07619294,0.07559009,0.08631050,0.06517714,0.09827365,0.04616403,0.04918788,0.07144861,0.05114589,0.07313373,0.04497573,0.04413892,0.04991495,0.01449727,0.03564244,0.09505432,0.11117126,0.10525192,0.03655047,0.08654691,0.05855917,0.07679785,0.08752347,0.12494327,0.07421474,0.08036184,0.07288836,0.08507180,0.06517714,0.09827365,0.04887678,0.04642867,0.06654070,0.05575786,0.07313373,0.03001583,0.04082916,0.04430662,0.03787532,0.03564244
2022-12,-0.05366935,-0.07318344,-0.06634282,-0.05605066,-0.02421586,-0.06968350,-0.04857570,-0.03391915,-0.03863086,-0.07281590,-0.05027077,-0.04460954,-0.05174861,-0.02883471,-0.06543697,-0.03196818,-0.02252245,-0.06076576,-0.04898801,-0.03496466,-0.04444212,-0.04578298,-0.05689094,-0.04140326,-0.02556618,-0.04636862,-0.07094791,-0.07099861,-0.05419660,-0.03067287,-0.06307243,-0.05580371,-0.03674443,-0.03215029,-0.07601590,-0.04486322,-0.04732288,-0.05417426,-0.02883471,-0.06543697,-0.02849951,-0.03215487,-0.05380487,-0.04928181,-0.03496466,-0.06225393,-0.03729473,-0.04918062,-0.03967428,-0.02556618
2023-01,0.16133363,0.15507254,0.11670557,0.07400885,0.10446313,0.15104132,0.09082879,0.08951146,0.08997509,0.10180112,0.12088214,0.07265295,0.08815793,0.05597420,0.08035778,0.05436771,0.03284067,0.07882893,0.03275997,0.01385602,0.02832450,0.03289049,0.01765589,0.01501991,-0.02467930,0.14051500,0.14599721,0.12232573,0.11185606,0.09365765,0.13736397,0.09980843,0.09217441,0.08234571,0.11212174,0.09156038,0.09109859,0.09514362,0.05597420,0.08035778,0.04457330,0.04527048,0.06680127,0.04079881,0.01385602,0.03101935,0.03451109,0.01654013,0.01217539,-0.02467930
2023-02,-0.06914583,-0.05920228,-0.02482083,-0.05700764,-0.04007007,-0.04535195,-0.02383386,-0.03685340,-0.05039967,-0.04193784,-0.04216824,-0.02567710,-0.01819444,-0.01739681,-0.01375467,-0.04016969,-0.01866886,-0.01442660,-0.02548034,-0.01565067,-0.03155972,-0.02480032,-0.02203614,-0.05328710,-0.04463782,-0.07088891,-0.05005886,-0.04841961,-0.01910541,-0.05984084,-0.03967768,-0.03966227,-0.03109778,-0.04831384,-0.04019545,-0.05355613,-0.01563866,-0.01823181,-0.01739681,-0.01375467,-0.03700643,-0.02858205,-0.01044095,-0.02267151,-0.01565067,-0.02506820,-0.03576450,-0.03883382,-0.03160496,-0.04463782
2023-03,-0.01751035,-0.03065102,-0.00019484,0.00915628,0.05307718,-0.04212280,0.01325953,-0.08907810,0.03531020,0.02247325,-0.02117829,-0.06699574,-0.00888509,-0.00372137,0.04605976,-0.05231064,-0.00740278,-0.00573439,-0.00036681,0.02147215,-0.01139536,-0.00765444,0.00892153,0.02304098,0.00600278,-0.03698731,-0.00083919,-0.00954132,0.02025268,0.04416641,-0.04260444,0.00970034,-0.07935938,0.02324418,0.02696163,-0.03089710,-0.05720069,-0.00954760,-0.00372137,0.04605976,-0.04636641,-0.01190591,0.00513019,-0.01266311,0.02147215,-0.02261447,-0.00857654,0.01593449,0.02747784,0.00600278
2023-04,-0.00327045,-0.01740535,0.00503189,0.00251440,0.00664590,-0.00099835,-0.01335375,-0.04070145,-0.02417715,0.01046275,-0.01446945,-0.01027180,0.01445890,-0.01245945,0.01949430,0.01012460,-0.00538425,-0.00255025,0.02547340,0.01051350,0.02642630,-0.01193995,0.03999615,0.01124505,0.01623100,-0.00498933,-0.02375905,0.00888037,0.00668870,0.00594965,-0.00189290,-0.01059930,-0.04363220,-0.02310630,0.01046275,-0.01121275,-0.01196090,0.01242695,-0.01082690,0.01832610,0.00726830,-0.00654445,0.00105640,0.02218575,0.01421100,0.01266195,-0.00457885,0.02579500,0.02739205,0.02068840
2023-05,-0.10091706,-0.03172718,-0.03731772,-0.05932516,0.04298266,-0.02645455,-0.03729981,-0.04961649,-0.02130097,0.02068616,-0.05597180,-0.03840989,-0.03434139,-0.01074757,-0.02706546,-0.04507351,-0.04418317,-0.03154771,-0.04781513,-0.03984942,-0.07144613,-0.05217081,-0.07231106,-0.03921498,-0.05643617,-0.10394008,-0.01219509,-0.03962883,-0.06230523,0.03678924,-0.04101274,-0.02049805,-0.04776704,-0.02529639,0.02068616,-0.04144694,-0.06122555,-0.01195658,-0.02748618,-0.02499468,-0.03777359,-0.04219115,-0.03833467,-0.05072390,-0.03949506,-0.05219612,-0.06416623,-0.07041498,-0.05105151,-0.05455411
2023-06,0.11837104,0.12084336,0.08403137,0.06197562,0.04401206,0.11580634,0.08728853,0.09043949,0.08349264,0.07565928,0.08972104,0.08528782,0.07290814,0.06685269,0.05552873,0.08609400,0.06962968,0.09063534,0.07438011,0.06893356,0.07162289,0.08588954,0.09960449,0.03629730,0.05124602,0.07878575,0.12936394,0.10431601,0.07116611,0.04552035,0.10849528,0.09699474,0.09088656,0.08098935,0.07565928,0.09424442,0.07386948,0.06761815,0.08493460,0.04961998,0.09082867,0.06336465,0.10278954,0.06613918,0.06656560,0.07449677,0.09318089,0.09011243,0.03970849,0.04793338
2023-07,0.06986920,0.03478748,0.01874808,0.04526564,0.05294170,0.05469377,0.04117358,0.01351490,0.04742896,0.04290696,0.03769054,0.03127608,0.03214602,0.03106302,0.03031423,0.02672787,0.02160653,0.03532878,0.02685277,0.02773757,0.02922569,0.01463685,0.02343914,0.02557210,0.02434435,0.06647338,0.03978239,0.02499505,0.03282985,0.05710522,0.04814407,0.04561726,0.01698217,0.04658048,0.04290696,0.02284758,0.05528732,0.01392254,0.03981516,0.03188444,0.01873233,0.03512516,0.03194279,0.02499784,0.02792316,0.02202365,0.01207510,0.03851933,0.02008801,0.02420279
2023-08,-0.05189273,-0.03408852,-0.04011012,-0.03416902,-0.02702947,-0.02126919,-0.01286901,-0.03105264,-0.05623589,-0.01798572,-0.06516640,-0.03912500,-0.06438113,-0.03588370,-0.02538819,-0.05225147,-0.06550581,-0.03073982,-0.00663451,-0.01752456,-0.01931804,-0.02470599,-0.02883666,-0.00082307,0.02723367,-0.04684447,-0.03762524,-0.02400571,-0.04920386,-0.02915720,-0.01781394,-0.01739071,-0.02698749,-0.05941800,-0.01798572,-0.04363700,-0.06575748,-0.04986527,-0.04471428,-0.02612288,-0.05634629,-0.04800645,-0.03493175,-0.01806661,-0.01424500,-0.01577191,-0.02987254,-0.02090626,-0.00184016,0.02128421
2023-09,-0.07623142,-0.07656311,-0.07374868,-0.05564749,-0.03931315,-0.05973702,-0.05694624,-0.06860300,-0.04685713,-0.07426816,-0.06438087,-0.05064954,-0.04158217,-0.05221106,-0.04703000,-0.04578032,-0.05640443,-0.04561804,-0.04645645,-0.04410038,-0.04675879,-0.03780755,-0.02532117,0.00121481,-0.00674482,-0.07378990,-0.06978368,-0.07854587,-0.05726262,-0.04167582,-0.04793853,-0.07099446,-0.06588359,-0.04697016,-0.07426816,-0.05850939,-0.05137527,-0.05325924,-0.04666106,-0.04575792,-0.05955585,-0.04522792,-0.04272174,-0.04585107,-0.04465599,-0.04982878,-0.03752016,-0.01761859,-0.00213961,-0.00833228
2023-10,-0.15335981,-0.08380065,-0.07564200,-0.03252015,-0.02829930,-0.02975735,-0.02534130,-0.04997055,-0.01493740,-0.01851530,-0.04762095,-0.06457320,-0.04021675,-0.00669385,-0.04681315,-0.03067120,-0.04339655,-0.02195615,-0.01363510,-0.01241190,-0.04291990,-0.04097160,-0.04192390,-0.02613160,-0.02014080,-0.11086319,-0.12321165,-0.06796815,-0.04440500,-0.02929875,-0.02703340,-0.03535115,-0.04641950,-0.01895955,-0.01075830,-0.04314500,-0.06134225,-0.04884820,-0.01458410,-0.03799835,-0.02792070,-0.05241880,-0.00602510,-0.02329440,-0.01241190,-0.05794390,-0.02521210,-0.05207240,-0.02242175,-0.01443765
2023-11,0.12139828,0.09386010,0.07998978,0.10577987,0.09033689,0.09407852,0.08040117,0.07849776,0.05898763,0.09991732,0.10981919,0.08004403,0.09283572,0.05733331,0.10769561,0.08723613,0.07998020,0.07176307,0.09093190,0.07781215,0.09717276,0.14255305,0.10882946,0.08064792,0.09206060,0.10988356,0.09154221,0.09149859,0.08978567,0.10718611,0.08909082,0.09844678,0.06849894,0.05546653,0.10008533,0.09223611,0.12039998,0.07175286,0.07079254,0.09240280,0.08610126,0.07414619,0.08326817,0.08597748,0.07781215,0.12914831,0.11579233,0.11784129,0.07426615,0.08511328
2023-12,0.13742927,0.09010260,0.10417053,0.06865590,0.06449566,0.08533942,0.04850535,0.09275108,0.03991681,0.05099783,0.11367969,0.07510046,0.05511424,0.04489019,0.08706483,0.04099263,0.06169040,0.05356134,0.02290153,0.03051599,0.10118937,0.07123560,0.06865810,0.04900337,0.06075053,0.12562719,0.11056689,0.08508990,0.08239187,0.06021975,0.07094956,0.07868062,0.07994609,0.03653370,0.05105070,0.10932312,0.07153363,0.06444390,0.04276775,0.08812020,0.04216009,0.05713541,0.05856319,0.02061640,0.03051599,0.10922006,0.06660431,0.07622968,0.04041965,0.05795901
2024-01,-0.03645679,-0.02962580,-0.04231320,-0.03088319,-0.01522467,-0.03938296,-0.01383038,-0.03442494,-0.01489974,-0.01469689,-0.02193904,-0.02508965,-0.00432264,0.01045548,0.01602420,0.00315599,-0.00609157,0.02140726,0.01688402,0.02069139,-0.00563458,0.00014368,-0.02550330,0.03865677,0.05286153,-0.02018855,-0.04099396,-0.03956954,-0.03765780,-0.01718191,-0.03034295,-0.02114145,-0.03577831,-0.01582790,-0.01492425,-0.02380912,-0.01590442,-0.00727475,0.00376127,0.01861549,0.00000446,-0.00902173,0.02884404,0.01449549,0.02069139,-0.01185841,0.00384113,-0.02103397,0.04420832,0.04648757
2024-02,0.01376437,0.02953159,0.04446446,0.01049834,0.01177106,-0.00472791,0.02320743,0.02463504,0.05312876,0.00823175,0.02984166,0.02868803,0.04368098,0.03796980,0.04442655,0.03860133,0.08128054,0.05241652,0.05070840,0.01898900,0.06704376,0.09454365,0.06833133,0.02539588,0.09001853,0.03363626,0.01240012,0.03063705,0.01443455,0.01676188,-0.00150365,0.02711718,0.02008011,0.04060184,0.01754671,0.03486706,0.02797122,0.03334685,0.04113112,0.04717692,0.04903146,0.05566655,0.06917713,0.04766523,0.01898900,0.06706294,0.09133037,0.08311546,0.02194725,0.08276361
2024-03,0.07930550,0.04692233,0.03891816,0.04845161,0.07069451,0.04708911,0.02869029,0.03648882,0.03421432,0.03080073,0.05570958,0.05845179,0.03731445,0.07492576,0.00424718,0.02734663,0.06110363,0.05202670,0.03537477,0.01680539,0.05186681,0.05841776,0.05045628,0.05300005,0.04911218,0.07476959,0.05082539,0.04499855,0.04485558,0.06705265,0.02793260,0.03740202,0.04081470,0.03868126,0.03236920,0.06067140,0.04652319,0.04172904,0.06514052,0.01524883,0.03504865,0.05203331,0.04699728,0.04268378,0.01680539,0.05591533,0.05664210,0.04511591,0.05898624,0.04660257
2024-04,-0.06034895,-0.05679150,-0.05081795,-0.01614440,-0.03526500,-0.05663960,-0.04949960,-0.03801260,-0.03866470,-0.02877450,-0.08137785,-0.07095030,-0.03690005,-0.05504175,-0.04191360,-0.06976720,-0.04847660,-0.06065105,-0.05333485,-0.04267320,-0.03959990,-0.06581080,-0.04339830,-0.05091625,-0.04565815,-0.06344152,-0.04545135,-0.04430325,-0.03228060,-0.03373645,-0.05214465,-0.05263635,-0.04063265,-0.03740285,-0.02877450,-0.07739520,-0.07642475,-0.03638325,-0.05350550,-0.04247485,-0.05806520,-0.06017860,-0.06303600,-0.05641035,-0.03721275,-0.05034610,-0.06001060,-0.03212095,-0.05724760,-0.04565815
2024-05,0.02625749,0.03082118,0.02205460,0.03153945,0.03032137,0.01026028,0.07249689,0.02321117,0.01030261,0.01408452,0.01920175,0.01121649,0.02403540,0.00914467,0.02729893,0.03353960,0.00390003,0.03223250,0.02758360,0.04121843,0.02704728,0.03950221,0.02586555,0.04375385,0.04902880,0.02788308,0.02706544,0.00531392,0.04641671,0.03409166,0.02201083,0.04035347,0.04123729,0.01263912,0.01408452,0.01993426,0.00938792,0.02746938,0.01565988,0.01843350,0.02813935,0.00894337,0.03908457,0.02013410,0.04178528,0.04187293,0.02145443,0.03759171,0.03482556,0.04902880
2024-06,-0.01860245,-0.03615220,-0.02659331,-0.05208020,-0.02933708,-0.01670472,-0.03566683,0.00384998,-0.00511977,-0.00384183,0.00378431,-0.00601251,-0.02706281,-0.01570611,0.00955488,-0.01976566,0.02573459,-0.00078614,0.01809946,0.01419354,-0.01570250,0.00304156,0.02509860,0.05879965,0.06698260,-0.01591651,-0.00961297,-0.04783169,-0.04461513,-0.04518902,-0.01701445,-0.03508657,0.00120608,-0.00369706,-0.00384183,-0.00316799,0.00213442,-0.02591343,-0.01821124,0.00990264,0.00006899,0.00581338,0.01204803,0.01164080,0.00803311,-0.00137558,-0.01680869,0.04601108,0.04267771,0.06698260
2024-07,0.07866789,0.07093521,0.07011526,0.04434361,0.06802620,0.09968890,0.04704013,0.05985066,0.05960389,0.05559653,0.05484810,0.04231703,0.05499779,0.00096679,0.06092579,0.03254209,0.00706668,0.05917456,0.04037847,0.03349353,0.07491478,0.05551478,0.00294043,-0.02005319,-0.01587792,0.09501742,0.04598979,0.07852012,0.05617862,0.05639160,0.09561336,0.04761041,0.06303923,0.05871639,0.05559653,0.05351260,0.03225445,0.06687647,-0.00114378,0.06237521,0.01299947,0.02621534,0.05805387,0.04135886,0.03333657,0.09387653,0.03231154,-0.00351202,-0.01065254,-0.01587792
2024-08,0.02112783,0.03134264,0.04591911,-0.01643003,0.03870657,0.00931813,0.00400690,0.01658814,0.01433555,0.02573277,0.02157772,0.03430669,0.02761182,0.00832872,0.01836122,0.02195903,0.05185863,0.03490367,0.03500296,0.04873071,0.04039598,0.02387776,0.03804491,0.01395474,0.03848148,0.02025355,0.04036535,0.05430525,0.00727809,-0.00018905,0.01392441,-0.00308157,0.02647871,0.00599872,0.02573277,0.02886282,0.02857864,0.03152507,0.00050109,0.01998333,0.02969268,0.04435074,0.04151693,0.03937791,0.03788717,0.03908460,0.01795133,0.03663666,0.02121204,0.03848148
2024-09,0.03575214,0.00010704,0.03068869,0.00920901,0.03463957,0.03447234,0.04093242,0.04406618,-0.00259366,0.00546570,0.02457879,0.02443976,0.00913460,0.00699218,0.01629025,0.02477969,0.02487611,0.02720555,0.01060144,0.02417830,0.03912116,0.03937781,0.01087864,0.01605966,0.01074736,0.02608672,0.02035443,0.01907418,0.02544124,0.02116891,0.03375003,0.04829399,0.03743296,-0.00207197,0.00546570,0.02342304,0.02626448,0.00616953,0.01204045,0.01455828,0.03737627,0.01242793,0.03239451,-0.00214994,0.03115464,0.04941250,0.02846527,0.00110059,0.02640158,0.01074736
2024-10,0.05230260,-0.04702540,-0.03706635,-0.03839680,-0.02229620,-0.04603130,-0.04571560,-0.03335390,-0.02822555,-0.01013275,-0.01886380,-0.02876200,-0.04780784,-0.02167025,-0.03063530,-0.02416800,-0.00117990,-0.00420685,-0.01707690,0.00030875,0.00267555,0.02592760,0.02369920,-0.00916495,-0.00938050,0.00621115,0.01540485,-0.04675265,-0.04504930,-0.02229620,-0.05517080,-0.03636585,-0.02457245,-0.04075910,-0.00659090,-0.01886380,-0.02876200,-0.05445079,-0.00808380,-0.03791095,-0.04174760,0.00593185,0.01129270,-0.01731990,-0.00447995,0.01422070,0.01603020,0.02085310,-0.02142700,0.00407990
2024-11,0.01474453,0.06035237,0.08987502,0.04921451,0.05172189,0.10016395,0.03720513,0.04646981,0.04050603,0.05602273,0.05417979,0.06963396,0.04133628,0.05218633,0.05252424,0.07289859,0.08352857,0.08069288,0.05385772,0.05164180,0.08459713,0.11683674,0.10344607,0.06838348,0.05381836,0.01041556,0.07137028,0.07136553,0.05855749,0.05172189,0.07807444,0.04812023,0.06740090,0.01854719,0.06756730,0.05417979,0.06963396,0.03663968,0.05669677,0.05219041,0.08087701,0.07019572,0.08478349,0.05466765,0.05217526,0.11796875,0.09297278,0.08088452,0.07836210,0.05805681
2024-12,-0.05237185,-0.04051851,-0.02564339,-0.04269688,-0.05338892,-0.04952862,-0.05118305,-0.06938155,-0.08319582,-0.06726240,-0.05688199,-0.06185188,-0.05890487,-0.07939754,-0.05916760,-0.08897077,-0.07260675,-0.07785441,-0.07363844,-0.02454485,-0.07088547,-0.09651866,-0.09017417,-0.06290799,-0.02322016,-0.04706172,-0.03959454,-0.03570928,-0.03904278,-0.05338892,-0.05210325,-0.05058179,-0.06886373,-0.07784880,-0.07100875,-0.05688199,-0.06185188,-0.06144660,-0.07133070,-0.06480420,-0.08304977,-0.06834651,-0.08676731,-0.07397980,-0.02496907,-0.07198751,-0.09683191,-0.08358841,-0.06509577,-0.02851287
2025-01,0.04593285,-0.00643295,0.04457225,-0.01407695,0.04231213,0.04226417,0.01888924,0.02698320,0.00687836,0.03999119,0.00315669,0.04658805,0.03782392,0.01705373,0.03002239,0.05668903,0.04109460,0.03948192,0.05679590,0.05885455,0.02709320,0.05686183,0.05794750,0.06124977,0.06217090,0.04683362,0.00870437,0.01914438,-0.00113069,0.04231213,0.02141825,0.03962384,0.03180767,0.00444530,0.03878276,0.00315669,0.04658805,0.04238522,0.01104283,0.03244761,0.04927033,0.05635580,0.03688275,0.05370665,0.05637809,0.04069614,0.04098821,0.05950048,0.05814002,0.06636239
2025-02,-0.09070717,-0.02533372,-0.03043526,0.01116131,-0.00032672,-0.02146243,-0.01222866,0.01354280,0.03830150,0.03090695,0.01011443,-0.00132319,-0.00496045,-0.03180588,-0.01472102,-0.01478410,-0.00531425,-0.02327104,0.01010972,-0.01461030,-0.03426015,-0.03794339,0.01980294,-0.01906001,0.03529705,-0.10003845,-0.02395967,-0.01650574,0.00102122,-0.00032672,-0.00116315,-0.03668385,0.02136813,0.03227941,0.03125587,0.01011443,-0.00132319,-0.00733426,-0.02936645,-0.01451950,-0.00012669,-0.02259905,-0.02650782,0.01605824,-0.01363876,-0.05715838,-0.00686369,0.00371049,0.00158905,0.02430798
2025-03,-0.03135819,-0.01991008,-0.03114138,-0.03953472,-0.03649791,-0.07848220,-0.02942760,-0.03746481,-0.01790100,-0.02621576,-0.02215273,-0.03262906,-0.03894575,-0.02299634,-0.04058119,-0.04823589,-0.05186522,-0.03577998,-0.02507124,-0.05212292,-0.03371058,-0.03161006,-0.01279174,-0.03936166,-0.05425100,-0.03586118,-0.02383932,-0.00448267,-0.05921028,-0.03649791,-0.05369774,-0.07291822,-0.02319785,-0.01827115,-0.02619602,-0.02215273,-0.03262906,-0.02877511,-0.04190902,-0.03175825,-0.05468805,-0.05676844,-0.02579960,-0.02881138,-0.04733265,-0.03998740,-0.02278986,-0.01744379,-0.03684795,-0.05368430
2025-04,-0.05824155,-0.02217580,-0.07810840,-0.02799495,-0.05921365,-0.03717075,-0.02833750,-0.03097555,-0.01073495,-0.03258425,-0.05271405,-0.01626900,-0.02037460,-0.00885950,-0.00906655,-0.04558880,-0.01532650,-0.00704890,0.00204865,0.00078825,-0.01921020,-0.01991395,-0.02584775,0.01511345,0.01866750,-0.03951105,-0.05952635,-0.05402160,-0.03346170,-0.05921365,-0.03429855,-0.04265560,-0.01801875,-0.01559720,-0.02923290,-0.05971735,0.00380340,-0.03157365,-0.00808130,-0.01171480,-0.05621435,-0.01067480,-0.00528690,-0.00034425,0.00739300,-0.02439715,-0.01444255,-0.02679995,0.01578120,0.01866750
2025-05,0.02467890,0.01815573,0.03055398,0.04946789,0.01148275,0.06423059,0.00678911,0.02133746,0.01058552,0.03389816,0.04917440,0.03986597,0.05398451,0.03302014,0.02851311,0.04591898,0.03448311,0.03570720,0.04869820,0.06268052,0.07944139,0.05868420,0.08767709,0.06739147,0.09698598,0.01087505,0.03086022,0.02530549,0.05570203,0.01148275,0.04755891,0.02848230,0.01861404,0.01665606,0.02524999,0.03857219,0.05092496,0.04778707,0.03899872,0.02764098,0.05157973,0.02818586,0.03478602,0.04750606,0.06562144,0.08029479,0.06866439,0.07917948,0.06515743,0.09698598
2025-06,0.03659223,0.01177512,0.04064762,0.02398166,0.04539100,0.01189969,0.02522819,0.02605516,0.03561986,0.06411912,0.05656761,0.02798126,0.02776896,0.01702615,0.03003469,0.01826014,0.04019173,0.01335593,0.03060870,0.04255602,0.04399355,0.03248647,0.07563652,0.02899578,0.05973397,0.02037916,0.01183675,0.04767231,0.03196360,0.04539100,0.00728079,0.02937660,0.02730188,0.03850622,0.06055276,0.04064754,0.04958791,0.02205897,0.01121101,0.03506899,0.01650880,0.04148308,0.01142876,0.02735123,0.04782665,0.04089255,0.04774630,0.06397560,0.02826271,0.05973397
2025-07,0.04072090,-0.04179735,0.00703181,0.00410494,-0.00474350,0.00690963,0.02417569,0.04003500,0.01059731,-0.02170993,0.04277528,0.00792612,-0.00445223,-0.00240368,-0.04461322,0.02878715,0.01689277,0.00396780,0.03529078,0.02574467,0.03962598,0.01960264,0.03151167,0.02542160,-0.00931571,0.03762300,-0.03562233,0.02331816,-0.01534023,-0.00474350,0.01317947,0.01854011,0.03279077,0.02255186,-0.02787500,0.03950492,0.01049238,-0.00421443,0.00856677,-0.05434756,0.02290406,0.02202947,0.01000063,0.02619383,0.02935993,0.03907728,0.01637347,0.02813099,0.03276245,-0.00931571
2025-08,0.05921294,0.03417497,-0.00491175,0.04773017,0.03633934,0.03518727,0.03536516,0.03941633,0.02835178,0.02342280,0.05238659,0.03065386,0.01274042,0.03480997,0.02928867,0.04740543,0.03677302,0.01478569,-0.00685386,0.01628975,0.00190029,0.03014844,0.01362965,0.00545451,0.02756196,0.05835844,0.05371857,0.00738675,0.02184723,0.03633934,0.04127696,0.01162214,0.04217788,0.04455815,0.02227630,0.06050618,0.01782570,0.02430665,0.02923975,0.02932509,0.03245198,0.04735941,0.01889799,-0.00087997,0.01022557,0.01428666,0.01490805,0.02338322,-0.00163631,0.02756196
2025-09,-0.02006564,-0.02070408,0.00277342,-0.02117154,-0.00618621,-0.01861600,0.02142547,0.03172962,-0.00413868,0.07680437,0.00762074,0.04425442,0.02481121,-0.00147722,0.02540884,0.00315583,-0.00224898,0.01189148,0.01092395,0.02989961,0.02214017,-0.00407585,0.02186992,0.01784031,0.04653357,-0.01885388,-0.01790717,-0.00680635,-0.01657218,-0.00618621,-0.01154707,0.04687753,0.00326243,-0.00725036,0.07749347,0.00188880,0.06253183,0.01743091,-0.00026660,0.01645414,-0.00113153,0.00209883,0.01038165,0.00748318,0.03397676,0.01561260,0.00418585,0.01844242,0.01982309,0.04653357
2025-10,-0.02332462,-0.01901670,-0.01605725,0.00358005,0.00443650,-0.03045470,0.02231015,-0.02107580,-0.01418965,0.03444110,-0.02938775,-0.04855045,0.00627350,-0.03954830,0.05719210,-0.04118710,-0.03281290,-0.01536440,-0.03283495,-0.00003650,-0.03335043,0.01503290,-0.00926325,-0.01146155,-0.00656665,-0.01147724,-0.03303055,-0.00476685,-0.01221500,0.01051525,-0.02483625,0.02620320,-0.02639845,-0.02053410,0.03659670,-0.03602110,-0.02841930,-0.01461010,-0.03396800,0.05899760,-0.04375415,-0.01880145,-0.03017940,-0.03416605,0.00466520,-0.02406286,0.00683795,-0.01884945,0.00507720,-0.01507620
2025-11,0.03055658,0.01646236,0.03282214,0.00693497,0.03808645,0.06041724,0.03873327,-0.00679450,0.00714438,0.05228561,0.04259785,0.00772622,-0.00323319,0.01701420,-0.01180000,0.00130413,0.04642771,0.06406986,0.02936705,-0.01487624,0.03088678,0.02801557,-0.00430008,0.00102785,-0.00551582,0.04148244,0.00431546,0.02947942,0.00974564,0.03839687,0.07148644,0.02720654,0.01749602,-0.01866681,0.05428502,0.04151101,-0.00395432,0.01843078,-0.00025234,-0.00451508,0.01492120,0.04706185,0.03960338,0.03253893,-0.00747860,0.02324455,0.01933334,-0.00129093,0.00723333,0.00180114
2025-12,0.00882366,0.01844567,0.01212527,-0.01300154,0.01340741,-0.00080814,0.00738202,0.00385988,-0.00142982,0.02235762,0.03701569,0.01349604,-0.01793151,0.00779456,0.01981691,-0.00948955,0.02265738,-0.00803494,-0.01842058,0.00305186,0.00299094,-0.00523520,-0.00404442,0.00233504,0.00625648,-0.01139131,0.02854179,0.01066566,-0.00314039,0.01600055,-0.00360691,0.01432981,-0.01083823,0.01960705,0.01302304,0.03844181,0.00677076,-0.01083983,0.01317444,0.01302989,0.00553130,0.01088492,-0.02340829,0.00089088,-0.00377960,0.01406572,-0.00540604,-0.00147729,-0.01030013,0.00490853
